id_client,nom,prenom,email,date_naissance,sexe,ville,telephone,date_inscription,canal_acquisition
CL0001,Nom1,Prenom1,client1@email.com,1981-05-15,Homme,Agadir,0600000000,2023-05-10,Web
CL0002,Nom2,Prenom2,client2@email.com,1993-05-15,m,CASABLANCA,0600000000,2023-05-10,Web
CL0003,Nom3,Prenom3,client3@email.com,1954-05-15,H,CASABLANCA,0600000000,2023-05-10,Web
CL0004,Nom4,Prenom4,client4@email.com,1973-05-15,1,Agadir,0600000000,2023-05-10,Web
CL0005,Nom5,Prenom5,client5@email.com,1995-05-15,f,TNG,0600000000,2023-05-10,Web
CL0006,Nom6,Prenom6,client6@email.com,1955-05-15,Femme,Agadir,0600000000,2023-05-10,Web
CL0007,Nom7,Prenom7,client7@email.com,1958-05-15,0,Tnja,0600000000,2023-05-10,Web
CL0008,Nom8,Prenom8,client8@email.com,1968-05-15,f,marrakech,0600000000,2023-05-10,Web
CL0009,Nom9,Prenom9,client9@email.com,1990-05-15,m,TANGER,0600000000,2023-05-10,Web
CL0010,Nom10,Prenom10,client10@email.com,1964-05-15,f,marrakech,0600000000,2023-05-10,Web
CL0011,Nom11,Prenom11,client11@email.com,1850-05-15,F,CASABLANCA,0600000000,2023-05-10,Web
CL0012,Nom12,Prenom12,client12@email.com,2000-05-15,m,TNG,0600000000,2023-05-10,Web
CL0013,Nom13,Prenom13,client13@email.com,1984-05-15,f,RBA,0600000000,2023-05-10,Web
CL0014,Nom14,Prenom14,client14@email.com,1955-05-15,m,TANGER,0600000000,2023-05-10,Web
CL0015,Nom15,Prenom15,client15@email.com,2005-05-15,1,Agadir,0600000000,2023-05-10,Web
CL0016,Nom16,Prenom16,client16@email.com,1979-05-15,Femme,marrakech,0600000000,2023-05-10,Web
CL0017,Nom17,Prenom17,client17@email.com,1965-05-15,F,Agadir,0600000000,2023-05-10,Web
CL0018,Nom18,Prenom18,client18@email.com,1995-05-15,f,kech,0600000000,2023-05-10,Web
CL0019,Nom19,Prenom19,client19@email.com,1960-05-15,f,marrakech,0600000000,2023-05-10,Web
CL0020,Nom20,Prenom20,client20@email.com,1958-05-15,H,marrakech,0600000000,2023-05-10,Web
CL0021,Nom21,Prenom21,client21@email.com,2025-05-15,Homme,Agadir,0600000000,2023-05-10,Web
CL0022,Nom22,Prenom22,client22@email.com,1989-05-15,0,tanger,0600000000,2023-05-10,Web
CL0023,Nom23,Prenom23,client23email.com,1981-05-15,1,TANGER,0600000000,2023-05-10,Web
CL0024,Nom24,Prenom24,client24@email.com,1987-05-15,m,TNG,0600000000,2023-05-10,Web
CL0025,Nom25,Prenom25,client25@email.com,1984-05-15,Homme,tanger,0600000000,2023-05-10,Web
CL0026,Nom26,Prenom26,client26@email.com,1966-05-15,0,kech,0600000000,2023-05-10,Web
CL0027,Nom27,Prenom27,client27@email.com,1983-05-15,Homme,tanger,0600000000,2023-05-10,Web
CL0028,Nom28,Prenom28,client28@email.com,1850-05-15,Homme,kech,0600000000,2023-05-10,Web
CL0029,Nom29,Prenom29,client29@email.com,1850-05-15,m,marrakech,0600000000,2023-05-10,Web
CL0030,Nom30,Prenom30,client30@email.com,1974-05-15,H,Tnja,0600000000,2023-05-10,Web
CL0031,Nom31,Prenom31,client31@email.com,1966-05-15,f,Agadir,0600000000,2023-05-10,Web
CL0032,Nom32,Prenom32,client32@email.com,1984-05-15,1,kech,0600000000,2023-05-10,Web
CL0033,Nom33,Prenom33,client33@email.com,2000-05-15,f,tanger,0600000000,2023-05-10,Web
CL0034,Nom34,Prenom34,client34@email.com,1993-05-15,H,RBA,0600000000,2023-05-10,Web
CL0035,Nom35,Prenom35,client35email.com,1951-05-15,f,kech,0600000000,2023-05-10,Web
CL0036,Nom36,Prenom36,client36@email.com,1975-05-15,H,kech,0600000000,2023-05-10,Web
CL0037,Nom37,Prenom37,client37@email.com,1961-05-15,Femme,Tnja,0600000000,2023-05-10,Web
CL0038,Nom38,Prenom38,client38@email.com,1977-05-15,Homme,Agadir,0600000000,2023-05-10,Web
CL0039,Nom39,Prenom39,client39@email.com,1955-05-15,0,casa,0600000000,2023-05-10,Web
CL0040,Nom40,Prenom40,client40@email.com,1950-05-15,m,marrakech,0600000000,2023-05-10,Web
CL0041,Nom41,Prenom41,client41@email.com,1956-05-15,f,TANGER,0600000000,2023-05-10,Web
CL0042,Nom42,Prenom42,client42@email.com,1996-05-15,f,casa,0600000000,2023-05-10,Web
CL0043,Nom43,Prenom43,client43@email.com,1952-05-15,1,CASABLANCA,0600000000,2023-05-10,Web
CL0044,Nom44,Prenom44,client44@email.com,1984-05-15,1,TNG,0600000000,2023-05-10,Web
CL0045,Nom45,Prenom45,client45@email.com,2004-05-15,F,TANGER,0600000000,2023-05-10,Web
CL0046,Nom46,Prenom46,client46@email.com,1992-05-15,m,Agadir,0600000000,2023-05-10,Web
CL0047,Nom47,Prenom47,client47@email.com,1950-05-15,1,tanger,0600000000,2023-05-10,Web
CL0048,Nom48,Prenom48,client48@email.com,1952-05-15,0,marrakech,0600000000,2023-05-10,Web
CL0049,Nom49,Prenom49,client49@email.com,1998-05-15,H,casa,0600000000,2023-05-10,Web
CL0050,Nom50,Prenom50,client50@email.com,1975-05-15,Femme,Agadir,0600000000,2023-05-10,Web
CL0051,Nom51,Prenom51,client51@email.com,1957-05-15,Homme,TANGER,0600000000,2023-05-10,Web
CL0052,Nom52,Prenom52,client52@email.com,1954-05-15,F,CASABLANCA,0600000000,2023-05-10,Web
CL0053,Nom53,Prenom53,client53@email.com,1997-05-15,F,Agadir,0600000000,2023-05-10,Web
CL0054,Nom54,Prenom54,client54@email.com,1956-05-15,Homme,Tnja,0600000000,2023-05-10,Web
CL0055,Nom55,Prenom55,client55@email.com,1971-05-15,1,tanger,0600000000,2023-05-10,Web
CL0056,Nom56,Prenom56,client56@email.com,1976-05-15,Homme,marrakech,0600000000,2023-05-10,Web
CL0057,Nom57,Prenom57,client57@email.com,1972-05-15,H,kech,0600000000,2023-05-10,Web
CL0058,Nom58,Prenom58,client58@email.com,1951-05-15,Homme,marrakech,0600000000,2023-05-10,Web
CL0059,Nom59,Prenom59,client59@email.com,1980-05-15,Homme,RBA,0600000000,2023-05-10,Web
CL0060,Nom60,Prenom60,client60@email.com,1957-05-15,0,CASABLANCA,0600000000,2023-05-10,Web
CL0061,Nom61,Prenom61,client61@email.com,1850-05-15,Homme,kech,0600000000,2023-05-10,Web
CL0062,Nom62,Prenom62,client62@email.com,1955-05-15,F,CASABLANCA,0600000000,2023-05-10,Web
CL0063,Nom63,Prenom63,client63@email.com,1962-05-15,F,CASABLANCA,0600000000,2023-05-10,Web
CL0064,Nom64,Prenom64,client64@email.com,1967-05-15,m,RBA,0600000000,2023-05-10,Web
CL0065,Nom65,Prenom65,client65@email.com,1964-05-15,f,CASABLANCA,0600000000,2023-05-10,Web
CL0066,Nom66,Prenom66,client66@email.com,1955-05-15,m,Agadir,0600000000,2023-05-10,Web
CL0067,Nom67,Prenom67,client67@email.com,2005-05-15,H,casa,0600000000,2023-05-10,Web
CL0068,Nom68,Prenom68,client68@email.com,2000-05-15,F,tanger,0600000000,2023-05-10,Web
CL0069,Nom69,Prenom69,client69@email.com,1999-05-15,1,marrakech,0600000000,2023-05-10,Web
CL0070,Nom70,Prenom70,client70@email.com,1983-05-15,F,CASABLANCA,0600000000,2023-05-10,Web
CL0071,Nom71,Prenom71,client71@email.com,1980-05-15,0,TANGER,0600000000,2023-05-10,Web
CL0072,Nom72,Prenom72,client72@email.com,1968-05-15,Femme,marrakech,0600000000,2023-05-10,Web
CL0073,Nom73,Prenom73,client73@email.com,2004-05-15,m,tanger,0600000000,2023-05-10,Web
CL0074,Nom74,Prenom74,client74@email.com,1998-05-15,1,Tnja,0600000000,2023-05-10,Web
CL0075,Nom75,Prenom75,client75@email.com,1961-05-15,Femme,RBA,0600000000,2023-05-10,Web
CL0076,Nom76,Prenom76,client76@email.com,1985-05-15,m,tanger,0600000000,2023-05-10,Web
CL0077,Nom77,Prenom77,client77@email.com,1960-05-15,1,TNG,0600000000,2023-05-10,Web
CL0078,Nom78,Prenom78,client78@email.com,1967-05-15,Femme,Agadir,0600000000,2023-05-10,Web
CL0079,Nom79,Prenom79,client79@email.com,2001-05-15,m,Tnja,0600000000,2023-05-10,Web
CL0080,Nom80,Prenom80,client80@email.com,1970-05-15,F,marrakech,0600000000,2023-05-10,Web
CL0081,Nom81,Prenom81,client81@email.com,1983-05-15,f,TANGER,0600000000,2023-05-10,Web
CL0082,Nom82,Prenom82,client82@email.com,2025-05-15,F,TANGER,0600000000,2023-05-10,Web
CL0083,Nom83,Prenom83,client83@email.com,1950-05-15,m,Tnja,0600000000,2023-05-10,Web
CL0084,Nom84,Prenom84,client84@email.com,1994-05-15,f,TANGER,0600000000,2023-05-10,Web
CL0085,Nom85,Prenom85,client85@email.com,1994-05-15,Femme,TNG,0600000000,2023-05-10,Web
CL0086,Nom86,Prenom86,client86email.com,1999-05-15,F,Tnja,0600000000,2023-05-10,Web
CL0087,Nom87,Prenom87,client87@email.com,1963-05-15,F,kech,0600000000,2023-05-10,Web
CL0088,Nom88,Prenom88,client88@email.com,1955-05-15,F,CASABLANCA,0600000000,2023-05-10,Web
CL0089,Nom89,Prenom89,client89@email.com,1987-05-15,0,CASABLANCA,0600000000,2023-05-10,Web
CL0090,Nom90,Prenom90,client90@email.com,2005-05-15,m,TANGER,0600000000,2023-05-10,Web
CL0091,Nom91,Prenom91,client91@email.com,2000-05-15,f,TNG,0600000000,2023-05-10,Web
CL0092,Nom92,Prenom92,client92@email.com,1993-05-15,H,kech,0600000000,2023-05-10,Web
CL0093,Nom93,Prenom93,client93@email.com,1957-05-15,0,tanger,0600000000,2023-05-10,Web
CL0094,Nom94,Prenom94,client94@email.com,2003-05-15,m,Agadir,0600000000,2023-05-10,Web
CL0095,Nom95,Prenom95,client95@email.com,1970-05-15,Homme,TANGER,0600000000,2023-05-10,Web
CL0096,Nom96,Prenom96,client96@email.com,1850-05-15,F,Tnja,0600000000,2023-05-10,Web
CL0097,Nom97,Prenom97,client97@email.com,1991-05-15,Femme,Agadir,0600000000,2023-05-10,Web
CL0098,Nom98,Prenom98,client98email.com,1991-05-15,f,marrakech,0600000000,2023-05-10,Web
CL0099,Nom99,Prenom99,client99@email.com,1966-05-15,Homme,Agadir,0600000000,2023-05-10,Web
CL0100,Nom100,Prenom100,client100@email.com,1990-05-15,0,CASABLANCA,0600000000,2023-05-10,Web
CL0101,Nom101,Prenom101,client101@email.com,1983-05-15,Homme,TNG,0600000000,2023-05-10,Web
CL0102,Nom102,Prenom102,client102@email.com,1959-05-15,m,Tnja,0600000000,2023-05-10,Web
CL0103,Nom103,Prenom103,client103@email.com,1954-05-15,H,RBA,0600000000,2023-05-10,Web
CL0104,Nom104,Prenom104,client104@email.com,1955-05-15,m,marrakech,0600000000,2023-05-10,Web
CL0105,Nom105,Prenom105,client105@email.com,1953-05-15,Homme,Agadir,0600000000,2023-05-10,Web
CL0106,Nom106,Prenom106,client106@email.com,1951-05-15,1,CASABLANCA,0600000000,2023-05-10,Web
CL0107,Nom107,Prenom107,client107@email.com,1971-05-15,H,RBA,0600000000,2023-05-10,Web
CL0108,Nom108,Prenom108,client108@email.com,1954-05-15,F,TNG,0600000000,2023-05-10,Web
CL0109,Nom109,Prenom109,client109@email.com,1986-05-15,1,CASABLANCA,0600000000,2023-05-10,Web
CL0110,Nom110,Prenom110,client110@email.com,1978-05-15,Homme,marrakech,0600000000,2023-05-10,Web
CL0111,Nom111,Prenom111,client111@email.com,1980-05-15,0,tanger,0600000000,2023-05-10,Web
CL0112,Nom112,Prenom112,client112@email.com,1974-05-15,m,Tnja,0600000000,2023-05-10,Web
CL0113,Nom113,Prenom113,client113@email.com,1962-05-15,1,CASABLANCA,0600000000,2023-05-10,Web
CL0114,Nom114,Prenom114,client114@email.com,1982-05-15,Homme,kech,0600000000,2023-05-10,Web
CL0115,Nom115,Prenom115,client115@email.com,2003-05-15,m,tanger,0600000000,2023-05-10,Web
CL0116,Nom116,Prenom116,client116@email.com,1988-05-15,1,TNG,0600000000,2023-05-10,Web
CL0117,Nom117,Prenom117,client117@email.com,1966-05-15,Homme,TNG,0600000000,2023-05-10,Web
CL0118,Nom118,Prenom118,client118@email.com,1972-05-15,Femme,TANGER,0600000000,2023-05-10,Web
CL0119,Nom119,Prenom119,client119@email.com,1994-05-15,H,Agadir,0600000000,2023-05-10,Web
CL0120,Nom120,Prenom120,client120@email.com,1976-05-15,m,TANGER,0600000000,2023-05-10,Web
CL0121,Nom121,Prenom121,client121@email.com,2025-05-15,1,Agadir,0600000000,2023-05-10,Web
CL0122,Nom122,Prenom122,client122@email.com,1966-05-15,H,Agadir,0600000000,2023-05-10,Web
CL0123,Nom123,Prenom123,client123@email.com,1980-05-15,H,CASABLANCA,0600000000,2023-05-10,Web
CL0124,Nom124,Prenom124,client124@email.com,1952-05-15,0,CASABLANCA,0600000000,2023-05-10,Web
CL0125,Nom125,Prenom125,client125@email.com,1978-05-15,H,kech,0600000000,2023-05-10,Web
CL0126,Nom126,Prenom126,client126@email.com,1951-05-15,Femme,RBA,0600000000,2023-05-10,Web
CL0127,Nom127,Prenom127,client127@email.com,1962-05-15,1,marrakech,0600000000,2023-05-10,Web
CL0128,Nom128,Prenom128,client128@email.com,1994-05-15,Femme,TNG,0600000000,2023-05-10,Web
CL0129,Nom129,Prenom129,client129@email.com,1985-05-15,0,casa,0600000000,2023-05-10,Web
CL0130,Nom130,Prenom130,client130@email.com,1972-05-15,F,casa,0600000000,2023-05-10,Web
CL0131,Nom131,Prenom131,client131email.com,1971-05-15,0,marrakech,0600000000,2023-05-10,Web
CL0132,Nom132,Prenom132,client132@email.com,2025-05-15,m,RBA,0600000000,2023-05-10,Web
CL0133,Nom133,Prenom133,client133@email.com,1953-05-15,1,tanger,0600000000,2023-05-10,Web
CL0134,Nom134,Prenom134,client134@email.com,1972-05-15,Femme,CASABLANCA,0600000000,2023-05-10,Web
CL0135,Nom135,Prenom135,client135email.com,1989-05-15,F,CASABLANCA,0600000000,2023-05-10,Web
CL0136,Nom136,Prenom136,client136@email.com,1977-05-15,H,RBA,0600000000,2023-05-10,Web
CL0137,Nom137,Prenom137,client137@email.com,1969-05-15,Femme,Tnja,0600000000,2023-05-10,Web
CL0138,Nom138,Prenom138,client138@email.com,1953-05-15,Femme,kech,0600000000,2023-05-10,Web
CL0139,Nom139,Prenom139,client139email.com,1952-05-15,m,kech,0600000000,2023-05-10,Web
CL0140,Nom140,Prenom140,client140@email.com,1969-05-15,H,casa,0600000000,2023-05-10,Web
CL0141,Nom141,Prenom141,client141@email.com,1966-05-15,F,RBA,0600000000,2023-05-10,Web
CL0142,Nom142,Prenom142,client142@email.com,1976-05-15,f,RBA,0600000000,2023-05-10,Web
CL0143,Nom143,Prenom143,client143email.com,1990-05-15,0,marrakech,0600000000,2023-05-10,Web
CL0144,Nom144,Prenom144,client144@email.com,1970-05-15,f,tanger,0600000000,2023-05-10,Web
CL0145,Nom145,Prenom145,client145email.com,1972-05-15,m,Agadir,0600000000,2023-05-10,Web
CL0146,Nom146,Prenom146,client146@email.com,1975-05-15,Homme,marrakech,0600000000,2023-05-10,Web
CL0147,Nom147,Prenom147,client147@email.com,2000-05-15,0,kech,0600000000,2023-05-10,Web
CL0148,Nom148,Prenom148,client148@email.com,1984-05-15,F,TNG,0600000000,2023-05-10,Web
CL0149,Nom149,Prenom149,client149@email.com,1998-05-15,m,casa,0600000000,2023-05-10,Web
CL0150,Nom150,Prenom150,client150@email.com,1987-05-15,Homme,tanger,0600000000,2023-05-10,Web
CL0151,Nom151,Prenom151,client151@email.com,1979-05-15,Homme,Tnja,0600000000,2023-05-10,Web
CL0152,Nom152,Prenom152,client152@email.com,1966-05-15,0,tanger,0600000000,2023-05-10,Web
CL0153,Nom153,Prenom153,client153@email.com,1971-05-15,1,Agadir,0600000000,2023-05-10,Web
CL0154,Nom154,Prenom154,client154@email.com,1958-05-15,0,TANGER,0600000000,2023-05-10,Web
CL0155,Nom155,Prenom155,client155@email.com,1975-05-15,F,casa,0600000000,2023-05-10,Web
CL0156,Nom156,Prenom156,client156@email.com,1960-05-15,Femme,TNG,0600000000,2023-05-10,Web
CL0157,Nom157,Prenom157,client157@email.com,1968-05-15,m,RBA,0600000000,2023-05-10,Web
CL0158,Nom158,Prenom158,client158@email.com,1992-05-15,H,TANGER,0600000000,2023-05-10,Web
CL0159,Nom159,Prenom159,client159@email.com,1962-05-15,m,Tnja,0600000000,2023-05-10,Web
CL0160,Nom160,Prenom160,client160@email.com,1998-05-15,F,marrakech,0600000000,2023-05-10,Web
CL0161,Nom161,Prenom161,client161email.com,1987-05-15,F,casa,0600000000,2023-05-10,Web
CL0162,Nom162,Prenom162,client162@email.com,1983-05-15,H,TNG,0600000000,2023-05-10,Web
CL0163,Nom163,Prenom163,client163@email.com,1950-05-15,Homme,TNG,0600000000,2023-05-10,Web
CL0164,Nom164,Prenom164,client164@email.com,1986-05-15,Homme,TNG,0600000000,2023-05-10,Web
CL0165,Nom165,Prenom165,client165@email.com,1953-05-15,0,kech,0600000000,2023-05-10,Web
CL0166,Nom166,Prenom166,client166@email.com,1964-05-15,f,RBA,0600000000,2023-05-10,Web
CL0167,Nom167,Prenom167,client167@email.com,1985-05-15,H,kech,0600000000,2023-05-10,Web
CL0168,Nom168,Prenom168,client168@email.com,1985-05-15,Homme,Tnja,0600000000,2023-05-10,Web
CL0169,Nom169,Prenom169,client169@email.com,1973-05-15,F,casa,0600000000,2023-05-10,Web
CL0170,Nom170,Prenom170,client170email.com,1968-05-15,m,Tnja,0600000000,2023-05-10,Web
CL0171,Nom171,Prenom171,client171@email.com,1957-05-15,F,kech,0600000000,2023-05-10,Web
CL0172,Nom172,Prenom172,client172@email.com,1963-05-15,Homme,TNG,0600000000,2023-05-10,Web
CL0173,Nom173,Prenom173,client173email.com,2005-05-15,Homme,tanger,0600000000,2023-05-10,Web
CL0174,Nom174,Prenom174,client174@email.com,1995-05-15,H,Agadir,0600000000,2023-05-10,Web
CL0175,Nom175,Prenom175,client175@email.com,2002-05-15,0,Agadir,0600000000,2023-05-10,Web
CL0176,Nom176,Prenom176,client176@email.com,2025-05-15,f,RBA,0600000000,2023-05-10,Web
CL0177,Nom177,Prenom177,client177@email.com,1962-05-15,Homme,casa,0600000000,2023-05-10,Web
CL0178,Nom178,Prenom178,client178@email.com,1996-05-15,Homme,marrakech,0600000000,2023-05-10,Web
CL0179,Nom179,Prenom179,client179@email.com,1977-05-15,0,CASABLANCA,0600000000,2023-05-10,Web
CL0180,Nom180,Prenom180,client180@email.com,2025-05-15,f,CASABLANCA,0600000000,2023-05-10,Web
CL0181,Nom181,Prenom181,client181@email.com,1850-05-15,Femme,CASABLANCA,0600000000,2023-05-10,Web
CL0182,Nom182,Prenom182,client182@email.com,1961-05-15,H,kech,0600000000,2023-05-10,Web
CL0183,Nom183,Prenom183,client183@email.com,2005-05-15,F,kech,0600000000,2023-05-10,Web
CL0184,Nom184,Prenom184,client184@email.com,1963-05-15,1,TNG,0600000000,2023-05-10,Web
CL0185,Nom185,Prenom185,client185@email.com,2002-05-15,H,CASABLANCA,0600000000,2023-05-10,Web
CL0186,Nom186,Prenom186,client186@email.com,2000-05-15,m,TANGER,0600000000,2023-05-10,Web
CL0187,Nom187,Prenom187,client187email.com,1962-05-15,Femme,Agadir,0600000000,2023-05-10,Web
CL0188,Nom188,Prenom188,client188@email.com,2003-05-15,H,TNG,0600000000,2023-05-10,Web
CL0189,Nom189,Prenom189,client189@email.com,1952-05-15,H,Tnja,0600000000,2023-05-10,Web
CL0190,Nom190,Prenom190,client190@email.com,1960-05-15,F,RBA,0600000000,2023-05-10,Web
CL0191,Nom191,Prenom191,client191@email.com,1976-05-15,Homme,TANGER,0600000000,2023-05-10,Web
CL0192,Nom192,Prenom192,client192@email.com,1992-05-15,Femme,CASABLANCA,0600000000,2023-05-10,Web
CL0193,Nom193,Prenom193,client193email.com,1996-05-15,Femme,marrakech,0600000000,2023-05-10,Web
CL0194,Nom194,Prenom194,client194@email.com,1994-05-15,1,CASABLANCA,0600000000,2023-05-10,Web
CL0195,Nom195,Prenom195,client195@email.com,1964-05-15,H,TANGER,0600000000,2023-05-10,Web
CL0196,Nom196,Prenom196,client196@email.com,1956-05-15,H,RBA,0600000000,2023-05-10,Web
CL0197,Nom197,Prenom197,client197@email.com,1977-05-15,Homme,RBA,0600000000,2023-05-10,Web
CL0198,Nom198,Prenom198,client198@email.com,2005-05-15,Homme,kech,0600000000,2023-05-10,Web
CL0199,Nom199,Prenom199,client199@email.com,1966-05-15,Femme,kech,0600000000,2023-05-10,Web
CL0200,Nom200,Prenom200,client200@email.com,1973-05-15,0,kech,0600000000,2023-05-10,Web
CL0201,Nom201,Prenom201,client201@email.com,1986-05-15,f,TNG,0600000000,2023-05-10,Web
CL0202,Nom202,Prenom202,client202@email.com,1980-05-15,1,Tnja,0600000000,2023-05-10,Web
CL0203,Nom203,Prenom203,client203@email.com,1966-05-15,Homme,kech,0600000000,2023-05-10,Web
CL0204,Nom204,Prenom204,client204@email.com,1983-05-15,m,Tnja,0600000000,2023-05-10,Web
CL0205,Nom205,Prenom205,client205@email.com,1986-05-15,m,marrakech,0600000000,2023-05-10,Web
CL0206,Nom206,Prenom206,client206@email.com,1953-05-15,0,Agadir,0600000000,2023-05-10,Web
CL0207,Nom207,Prenom207,client207@email.com,1980-05-15,0,Agadir,0600000000,2023-05-10,Web
CL0208,Nom208,Prenom208,client208@email.com,1985-05-15,Femme,TNG,0600000000,2023-05-10,Web
CL0209,Nom209,Prenom209,client209@email.com,1965-05-15,F,TANGER,0600000000,2023-05-10,Web
CL0210,Nom210,Prenom210,client210@email.com,1976-05-15,1,RBA,0600000000,2023-05-10,Web
CL0211,Nom211,Prenom211,client211@email.com,1959-05-15,0,RBA,0600000000,2023-05-10,Web
CL0212,Nom212,Prenom212,client212@email.com,1964-05-15,F,casa,0600000000,2023-05-10,Web
CL0213,Nom213,Prenom213,client213@email.com,2002-05-15,Homme,Tnja,0600000000,2023-05-10,Web
CL0214,Nom214,Prenom214,client214@email.com,2025-05-15,F,TNG,0600000000,2023-05-10,Web
CL0215,Nom215,Prenom215,client215@email.com,1969-05-15,0,RBA,0600000000,2023-05-10,Web
CL0216,Nom216,Prenom216,client216@email.com,1986-05-15,F,Tnja,0600000000,2023-05-10,Web
CL0217,Nom217,Prenom217,client217email.com,1993-05-15,Femme,kech,0600000000,2023-05-10,Web
CL0218,Nom218,Prenom218,client218@email.com,1850-05-15,H,TANGER,0600000000,2023-05-10,Web
CL0219,Nom219,Prenom219,client219@email.com,1977-05-15,Femme,Agadir,0600000000,2023-05-10,Web
CL0220,Nom220,Prenom220,client220@email.com,1995-05-15,F,Tnja,0600000000,2023-05-10,Web
CL0221,Nom221,Prenom221,client221@email.com,1980-05-15,F,Tnja,0600000000,2023-05-10,Web
CL0222,Nom222,Prenom222,client222@email.com,1970-05-15,H,CASABLANCA,0600000000,2023-05-10,Web
CL0223,Nom223,Prenom223,client223@email.com,1975-05-15,m,casa,0600000000,2023-05-10,Web
CL0224,Nom224,Prenom224,client224@email.com,1961-05-15,F,marrakech,0600000000,2023-05-10,Web
CL0225,Nom225,Prenom225,client225@email.com,1956-05-15,f,kech,0600000000,2023-05-10,Web
CL0226,Nom226,Prenom226,client226@email.com,2005-05-15,Femme,kech,0600000000,2023-05-10,Web
CL0227,Nom227,Prenom227,client227@email.com,1986-05-15,F,RBA,0600000000,2023-05-10,Web
CL0228,Nom228,Prenom228,client228@email.com,1999-05-15,H,casa,0600000000,2023-05-10,Web
CL0229,Nom229,Prenom229,client229@email.com,1970-05-15,m,Agadir,0600000000,2023-05-10,Web
CL0230,Nom230,Prenom230,client230@email.com,1984-05-15,0,Tnja,0600000000,2023-05-10,Web
CL0231,Nom231,Prenom231,client231@email.com,1967-05-15,1,CASABLANCA,0600000000,2023-05-10,Web
CL0232,Nom232,Prenom232,client232@email.com,1992-05-15,f,TANGER,0600000000,2023-05-10,Web
CL0233,Nom233,Prenom233,client233@email.com,2003-05-15,1,Tnja,0600000000,2023-05-10,Web
CL0234,Nom234,Prenom234,client234@email.com,1965-05-15,1,tanger,0600000000,2023-05-10,Web
CL0235,Nom235,Prenom235,client235@email.com,1978-05-15,Femme,TANGER,0600000000,2023-05-10,Web
CL0236,Nom236,Prenom236,client236@email.com,1958-05-15,1,Agadir,0600000000,2023-05-10,Web
CL0237,Nom237,Prenom237,client237@email.com,1960-05-15,0,casa,0600000000,2023-05-10,Web
CL0238,Nom238,Prenom238,client238@email.com,1999-05-15,f,TNG,0600000000,2023-05-10,Web
CL0239,Nom239,Prenom239,client239@email.com,1957-05-15,H,kech,0600000000,2023-05-10,Web
CL0240,Nom240,Prenom240,client240email.com,1952-05-15,Homme,TNG,0600000000,2023-05-10,Web
CL0241,Nom241,Prenom241,client241@email.com,1968-05-15,Femme,TNG,0600000000,2023-05-10,Web
CL0242,Nom242,Prenom242,client242@email.com,1994-05-15,1,kech,0600000000,2023-05-10,Web
CL0243,Nom243,Prenom243,client243@email.com,1957-05-15,1,Tnja,0600000000,2023-05-10,Web
CL0244,Nom244,Prenom244,client244@email.com,1957-05-15,1,kech,0600000000,2023-05-10,Web
CL0245,Nom245,Prenom245,client245@email.com,1986-05-15,H,Agadir,0600000000,2023-05-10,Web
CL0246,Nom246,Prenom246,client246@email.com,2005-05-15,H,TNG,0600000000,2023-05-10,Web
CL0247,Nom247,Prenom247,client247@email.com,1959-05-15,m,casa,0600000000,2023-05-10,Web
CL0248,Nom248,Prenom248,client248@email.com,1999-05-15,0,Agadir,0600000000,2023-05-10,Web
CL0249,Nom249,Prenom249,client249@email.com,1988-05-15,Homme,Agadir,0600000000,2023-05-10,Web
CL0250,Nom250,Prenom250,client250@email.com,2004-05-15,m,TNG,0600000000,2023-05-10,Web
CL0251,Nom251,Prenom251,client251@email.com,1950-05-15,Femme,TNG,0600000000,2023-05-10,Web
CL0252,Nom252,Prenom252,client252@email.com,1963-05-15,Homme,Agadir,0600000000,2023-05-10,Web
CL0253,Nom253,Prenom253,client253@email.com,2003-05-15,1,casa,0600000000,2023-05-10,Web
CL0254,Nom254,Prenom254,client254@email.com,1957-05-15,1,RBA,0600000000,2023-05-10,Web
CL0255,Nom255,Prenom255,client255@email.com,1961-05-15,0,TNG,0600000000,2023-05-10,Web
CL0256,Nom256,Prenom256,client256@email.com,1984-05-15,f,tanger,0600000000,2023-05-10,Web
CL0257,Nom257,Prenom257,client257@email.com,2025-05-15,Femme,Agadir,0600000000,2023-05-10,Web
CL0258,Nom258,Prenom258,client258@email.com,1960-05-15,Homme,CASABLANCA,0600000000,2023-05-10,Web
CL0259,Nom259,Prenom259,client259@email.com,1975-05-15,Femme,RBA,0600000000,2023-05-10,Web
CL0260,Nom260,Prenom260,client260@email.com,1979-05-15,Homme,Tnja,0600000000,2023-05-10,Web
CL0261,Nom261,Prenom261,client261@email.com,1992-05-15,F,kech,0600000000,2023-05-10,Web
CL0262,Nom262,Prenom262,client262@email.com,1993-05-15,0,TNG,0600000000,2023-05-10,Web
CL0263,Nom263,Prenom263,client263@email.com,1971-05-15,Homme,Agadir,0600000000,2023-05-10,Web
CL0264,Nom264,Prenom264,client264@email.com,1993-05-15,1,marrakech,0600000000,2023-05-10,Web
CL0265,Nom265,Prenom265,client265@email.com,1971-05-15,H,Agadir,0600000000,2023-05-10,Web
CL0266,Nom266,Prenom266,client266@email.com,1984-05-15,Homme,CASABLANCA,0600000000,2023-05-10,Web
CL0267,Nom267,Prenom267,client267@email.com,1961-05-15,1,Tnja,0600000000,2023-05-10,Web
CL0268,Nom268,Prenom268,client268@email.com,2003-05-15,f,marrakech,0600000000,2023-05-10,Web
CL0269,Nom269,Prenom269,client269@email.com,2001-05-15,H,TNG,0600000000,2023-05-10,Web
CL0270,Nom270,Prenom270,client270@email.com,1958-05-15,m,TNG,0600000000,2023-05-10,Web
CL0271,Nom271,Prenom271,client271@email.com,2001-05-15,H,kech,0600000000,2023-05-10,Web
CL0272,Nom272,Prenom272,client272@email.com,1954-05-15,0,TANGER,0600000000,2023-05-10,Web
CL0273,Nom273,Prenom273,client273@email.com,1986-05-15,Homme,TNG,0600000000,2023-05-10,Web
CL0274,Nom274,Prenom274,client274@email.com,1953-05-15,1,TNG,0600000000,2023-05-10,Web
CL0275,Nom275,Prenom275,client275@email.com,2005-05-15,m,TANGER,0600000000,2023-05-10,Web
CL0276,Nom276,Prenom276,client276@email.com,1976-05-15,0,tanger,0600000000,2023-05-10,Web
CL0277,Nom277,Prenom277,client277@email.com,1994-05-15,m,TANGER,0600000000,2023-05-10,Web
CL0278,Nom278,Prenom278,client278@email.com,2002-05-15,0,kech,0600000000,2023-05-10,Web
CL0279,Nom279,Prenom279,client279@email.com,1976-05-15,Homme,Agadir,0600000000,2023-05-10,Web
CL0280,Nom280,Prenom280,client280@email.com,1971-05-15,F,CASABLANCA,0600000000,2023-05-10,Web
CL0281,Nom281,Prenom281,client281@email.com,1979-05-15,Homme,casa,0600000000,2023-05-10,Web
CL0282,Nom282,Prenom282,client282@email.com,1983-05-15,0,Tnja,0600000000,2023-05-10,Web
CL0283,Nom283,Prenom283,client283@email.com,1984-05-15,1,RBA,0600000000,2023-05-10,Web
CL0284,Nom284,Prenom284,client284@email.com,1957-05-15,0,TANGER,0600000000,2023-05-10,Web
CL0285,Nom285,Prenom285,client285@email.com,2001-05-15,1,Tnja,0600000000,2023-05-10,Web
CL0286,Nom286,Prenom286,client286@email.com,1953-05-15,1,kech,0600000000,2023-05-10,Web
CL0287,Nom287,Prenom287,client287@email.com,1969-05-15,1,Agadir,0600000000,2023-05-10,Web
CL0288,Nom288,Prenom288,client288@email.com,2001-05-15,1,tanger,0600000000,2023-05-10,Web
CL0289,Nom289,Prenom289,client289@email.com,1986-05-15,1,Agadir,0600000000,2023-05-10,Web
CL0290,Nom290,Prenom290,client290@email.com,1981-05-15,0,RBA,0600000000,2023-05-10,Web
CL0291,Nom291,Prenom291,client291@email.com,1961-05-15,m,casa,0600000000,2023-05-10,Web
CL0292,Nom292,Prenom292,client292@email.com,1991-05-15,H,casa,0600000000,2023-05-10,Web
CL0293,Nom293,Prenom293,client293@email.com,1960-05-15,0,Agadir,0600000000,2023-05-10,Web
CL0294,Nom294,Prenom294,client294@email.com,1987-05-15,f,marrakech,0600000000,2023-05-10,Web
CL0295,Nom295,Prenom295,client295@email.com,1992-05-15,0,Agadir,0600000000,2023-05-10,Web
CL0296,Nom296,Prenom296,client296@email.com,1982-05-15,F,marrakech,0600000000,2023-05-10,Web
CL0297,Nom297,Prenom297,client297@email.com,1988-05-15,0,RBA,0600000000,2023-05-10,Web
CL0298,Nom298,Prenom298,client298@email.com,1954-05-15,m,casa,0600000000,2023-05-10,Web
CL0299,Nom299,Prenom299,client299@email.com,1951-05-15,f,RBA,0600000000,2023-05-10,Web
CL0300,Nom300,Prenom300,client300@email.com,1951-05-15,m,TANGER,0600000000,2023-05-10,Web
CL0301,Nom301,Prenom301,client301@email.com,1950-05-15,Femme,CASABLANCA,0600000000,2023-05-10,Web
CL0302,Nom302,Prenom302,client302@email.com,2025-05-15,m,TNG,0600000000,2023-05-10,Web
CL0303,Nom303,Prenom303,client303@email.com,1951-05-15,H,marrakech,0600000000,2023-05-10,Web
CL0304,Nom304,Prenom304,client304@email.com,1950-05-15,0,kech,0600000000,2023-05-10,Web
CL0305,Nom305,Prenom305,client305@email.com,1962-05-15,m,Agadir,0600000000,2023-05-10,Web
CL0306,Nom306,Prenom306,client306@email.com,1959-05-15,F,Agadir,0600000000,2023-05-10,Web
CL0307,Nom307,Prenom307,client307@email.com,1970-05-15,0,tanger,0600000000,2023-05-10,Web
CL0308,Nom308,Prenom308,client308@email.com,1981-05-15,m,CASABLANCA,0600000000,2023-05-10,Web
CL0309,Nom309,Prenom309,client309@email.com,1976-05-15,H,TANGER,0600000000,2023-05-10,Web
CL0310,Nom310,Prenom310,client310@email.com,1956-05-15,Homme,Tnja,0600000000,2023-05-10,Web
CL0311,Nom311,Prenom311,client311@email.com,1974-05-15,m,marrakech,0600000000,2023-05-10,Web
CL0312,Nom312,Prenom312,client312@email.com,1996-05-15,F,tanger,0600000000,2023-05-10,Web
CL0313,Nom313,Prenom313,client313@email.com,1995-05-15,1,Tnja,0600000000,2023-05-10,Web
CL0314,Nom314,Prenom314,client314@email.com,1967-05-15,F,TANGER,0600000000,2023-05-10,Web
CL0315,Nom315,Prenom315,client315@email.com,1965-05-15,H,CASABLANCA,0600000000,2023-05-10,Web
CL0316,Nom316,Prenom316,client316@email.com,1966-05-15,H,kech,0600000000,2023-05-10,Web
CL0317,Nom317,Prenom317,client317@email.com,1966-05-15,0,CASABLANCA,0600000000,2023-05-10,Web
CL0318,Nom318,Prenom318,client318@email.com,2002-05-15,H,tanger,0600000000,2023-05-10,Web
CL0319,Nom319,Prenom319,client319@email.com,1972-05-15,Homme,TANGER,0600000000,2023-05-10,Web
CL0320,Nom320,Prenom320,client320@email.com,1954-05-15,F,casa,0600000000,2023-05-10,Web
CL0321,Nom321,Prenom321,client321@email.com,1980-05-15,Femme,casa,0600000000,2023-05-10,Web
CL0322,Nom322,Prenom322,client322@email.com,1966-05-15,f,TANGER,0600000000,2023-05-10,Web
CL0323,Nom323,Prenom323,client323@email.com,1954-05-15,H,kech,0600000000,2023-05-10,Web
CL0324,Nom324,Prenom324,client324@email.com,1967-05-15,0,RBA,0600000000,2023-05-10,Web
CL0325,Nom325,Prenom325,client325@email.com,1989-05-15,H,marrakech,0600000000,2023-05-10,Web
CL0326,Nom326,Prenom326,client326@email.com,1950-05-15,Homme,TNG,0600000000,2023-05-10,Web
CL0327,Nom327,Prenom327,client327@email.com,1961-05-15,m,Tnja,0600000000,2023-05-10,Web
CL0328,Nom328,Prenom328,client328@email.com,1968-05-15,F,Tnja,0600000000,2023-05-10,Web
CL0329,Nom329,Prenom329,client329@email.com,1961-05-15,Femme,TNG,0600000000,2023-05-10,Web
CL0330,Nom330,Prenom330,client330@email.com,1977-05-15,H,Agadir,0600000000,2023-05-10,Web
CL0331,Nom331,Prenom331,client331@email.com,1974-05-15,H,TANGER,0600000000,2023-05-10,Web
CL0332,Nom332,Prenom332,client332@email.com,1953-05-15,F,TANGER,0600000000,2023-05-10,Web
CL0333,Nom333,Prenom333,client333@email.com,2003-05-15,Femme,kech,0600000000,2023-05-10,Web
CL0334,Nom334,Prenom334,client334@email.com,1985-05-15,Homme,TNG,0600000000,2023-05-10,Web
CL0335,Nom335,Prenom335,client335@email.com,1987-05-15,Homme,tanger,0600000000,2023-05-10,Web
CL0336,Nom336,Prenom336,client336@email.com,1962-05-15,Homme,kech,0600000000,2023-05-10,Web
CL0337,Nom337,Prenom337,client337@email.com,1995-05-15,1,kech,0600000000,2023-05-10,Web
CL0338,Nom338,Prenom338,client338@email.com,1966-05-15,Femme,Agadir,0600000000,2023-05-10,Web
CL0339,Nom339,Prenom339,client339@email.com,1970-05-15,Homme,CASABLANCA,0600000000,2023-05-10,Web
CL0340,Nom340,Prenom340,client340@email.com,2004-05-15,m,TANGER,0600000000,2023-05-10,Web
CL0341,Nom341,Prenom341,client341@email.com,1991-05-15,H,CASABLANCA,0600000000,2023-05-10,Web
CL0342,Nom342,Prenom342,client342@email.com,1979-05-15,m,RBA,0600000000,2023-05-10,Web
CL0343,Nom343,Prenom343,client343@email.com,1850-05-15,f,kech,0600000000,2023-05-10,Web
CL0344,Nom344,Prenom344,client344@email.com,1993-05-15,f,kech,0600000000,2023-05-10,Web
CL0345,Nom345,Prenom345,client345@email.com,1997-05-15,f,RBA,0600000000,2023-05-10,Web
CL0346,Nom346,Prenom346,client346@email.com,1955-05-15,Femme,RBA,0600000000,2023-05-10,Web
CL0347,Nom347,Prenom347,client347@email.com,1996-05-15,F,TNG,0600000000,2023-05-10,Web
CL0348,Nom348,Prenom348,client348@email.com,1984-05-15,Homme,tanger,0600000000,2023-05-10,Web
CL0349,Nom349,Prenom349,client349@email.com,1952-05-15,H,TANGER,0600000000,2023-05-10,Web
CL0350,Nom350,Prenom350,client350@email.com,1966-05-15,F,marrakech,0600000000,2023-05-10,Web
CL0351,Nom351,Prenom351,client351@email.com,1962-05-15,m,RBA,0600000000,2023-05-10,Web
CL0352,Nom352,Prenom352,client352@email.com,1968-05-15,f,CASABLANCA,0600000000,2023-05-10,Web
CL0353,Nom353,Prenom353,client353@email.com,1986-05-15,0,CASABLANCA,0600000000,2023-05-10,Web
CL0354,Nom354,Prenom354,client354@email.com,1969-05-15,1,Tnja,0600000000,2023-05-10,Web
CL0355,Nom355,Prenom355,client355@email.com,1990-05-15,0,marrakech,0600000000,2023-05-10,Web
CL0356,Nom356,Prenom356,client356@email.com,1994-05-15,F,Tnja,0600000000,2023-05-10,Web
CL0357,Nom357,Prenom357,client357@email.com,1964-05-15,F,tanger,0600000000,2023-05-10,Web
CL0358,Nom358,Prenom358,client358@email.com,1988-05-15,Femme,TNG,0600000000,2023-05-10,Web
CL0359,Nom359,Prenom359,client359@email.com,2005-05-15,m,RBA,0600000000,2023-05-10,Web
CL0360,Nom360,Prenom360,client360@email.com,1983-05-15,m,TANGER,0600000000,2023-05-10,Web
CL0361,Nom361,Prenom361,client361@email.com,1954-05-15,m,RBA,0600000000,2023-05-10,Web
CL0362,Nom362,Prenom362,client362email.com,1973-05-15,1,TNG,0600000000,2023-05-10,Web
CL0363,Nom363,Prenom363,client363@email.com,1988-05-15,f,tanger,0600000000,2023-05-10,Web
CL0364,Nom364,Prenom364,client364@email.com,1950-05-15,F,tanger,0600000000,2023-05-10,Web
CL0365,Nom365,Prenom365,client365@email.com,1994-05-15,Femme,TNG,0600000000,2023-05-10,Web
CL0366,Nom366,Prenom366,client366@email.com,1973-05-15,Femme,tanger,0600000000,2023-05-10,Web
CL0367,Nom367,Prenom367,client367@email.com,1982-05-15,0,casa,0600000000,2023-05-10,Web
CL0368,Nom368,Prenom368,client368@email.com,1962-05-15,f,kech,0600000000,2023-05-10,Web
CL0369,Nom369,Prenom369,client369@email.com,1989-05-15,H,Agadir,0600000000,2023-05-10,Web
CL0370,Nom370,Prenom370,client370@email.com,1966-05-15,Femme,tanger,0600000000,2023-05-10,Web
CL0371,Nom371,Prenom371,client371@email.com,1961-05-15,F,Tnja,0600000000,2023-05-10,Web
CL0372,Nom372,Prenom372,client372@email.com,1991-05-15,m,Agadir,0600000000,2023-05-10,Web
CL0373,Nom373,Prenom373,client373@email.com,1952-05-15,F,TANGER,0600000000,2023-05-10,Web
CL0374,Nom374,Prenom374,client374@email.com,1986-05-15,0,tanger,0600000000,2023-05-10,Web
CL0375,Nom375,Prenom375,client375@email.com,1994-05-15,H,Tnja,0600000000,2023-05-10,Web
CL0376,Nom376,Prenom376,client376@email.com,1963-05-15,0,marrakech,0600000000,2023-05-10,Web
CL0377,Nom377,Prenom377,client377@email.com,1999-05-15,m,RBA,0600000000,2023-05-10,Web
CL0378,Nom378,Prenom378,client378email.com,1995-05-15,f,marrakech,0600000000,2023-05-10,Web
CL0379,Nom379,Prenom379,client379@email.com,1962-05-15,Femme,TNG,0600000000,2023-05-10,Web
CL0380,Nom380,Prenom380,client380@email.com,1956-05-15,m,marrakech,0600000000,2023-05-10,Web
CL0381,Nom381,Prenom381,client381email.com,1993-05-15,0,casa,0600000000,2023-05-10,Web
CL0382,Nom382,Prenom382,client382@email.com,1955-05-15,f,Agadir,0600000000,2023-05-10,Web
CL0383,Nom383,Prenom383,client383@email.com,1957-05-15,0,kech,0600000000,2023-05-10,Web
CL0384,Nom384,Prenom384,client384@email.com,1997-05-15,m,Agadir,0600000000,2023-05-10,Web
CL0385,Nom385,Prenom385,client385@email.com,1962-05-15,Homme,RBA,0600000000,2023-05-10,Web
CL0386,Nom386,Prenom386,client386@email.com,1977-05-15,m,tanger,0600000000,2023-05-10,Web
CL0387,Nom387,Prenom387,client387@email.com,1988-05-15,Femme,kech,0600000000,2023-05-10,Web
CL0388,Nom388,Prenom388,client388@email.com,1850-05-15,0,RBA,0600000000,2023-05-10,Web
CL0389,Nom389,Prenom389,client389@email.com,1996-05-15,Femme,TNG,0600000000,2023-05-10,Web
CL0390,Nom390,Prenom390,client390@email.com,1975-05-15,0,CASABLANCA,0600000000,2023-05-10,Web
CL0391,Nom391,Prenom391,client391@email.com,1954-05-15,F,tanger,0600000000,2023-05-10,Web
CL0392,Nom392,Prenom392,client392@email.com,1963-05-15,Homme,Tnja,0600000000,2023-05-10,Web
CL0393,Nom393,Prenom393,client393@email.com,1992-05-15,0,tanger,0600000000,2023-05-10,Web
CL0394,Nom394,Prenom394,client394@email.com,1969-05-15,0,TANGER,0600000000,2023-05-10,Web
CL0395,Nom395,Prenom395,client395@email.com,1965-05-15,m,casa,0600000000,2023-05-10,Web
CL0396,Nom396,Prenom396,client396@email.com,2001-05-15,f,TNG,0600000000,2023-05-10,Web
CL0397,Nom397,Prenom397,client397@email.com,1993-05-15,Homme,RBA,0600000000,2023-05-10,Web
CL0398,Nom398,Prenom398,client398@email.com,2005-05-15,f,tanger,0600000000,2023-05-10,Web
CL0399,Nom399,Prenom399,client399@email.com,1989-05-15,0,CASABLANCA,0600000000,2023-05-10,Web
CL0400,Nom400,Prenom400,client400@email.com,1984-05-15,f,kech,0600000000,2023-05-10,Web
CL0401,Nom401,Prenom401,client401@email.com,1850-05-15,0,marrakech,0600000000,2023-05-10,Web
CL0402,Nom402,Prenom402,client402email.com,1996-05-15,F,Agadir,0600000000,2023-05-10,Web
CL0403,Nom403,Prenom403,client403@email.com,1988-05-15,F,CASABLANCA,0600000000,2023-05-10,Web
CL0404,Nom404,Prenom404,client404@email.com,1963-05-15,Homme,CASABLANCA,0600000000,2023-05-10,Web
CL0405,Nom405,Prenom405,client405@email.com,1979-05-15,H,Tnja,0600000000,2023-05-10,Web
CL0406,Nom406,Prenom406,client406@email.com,2004-05-15,m,kech,0600000000,2023-05-10,Web
CL0407,Nom407,Prenom407,client407@email.com,1960-05-15,Femme,Tnja,0600000000,2023-05-10,Web
CL0408,Nom408,Prenom408,client408@email.com,1963-05-15,m,RBA,0600000000,2023-05-10,Web
CL0409,Nom409,Prenom409,client409@email.com,1981-05-15,F,TNG,0600000000,2023-05-10,Web
CL0410,Nom410,Prenom410,client410@email.com,1950-05-15,H,RBA,0600000000,2023-05-10,Web
CL0411,Nom411,Prenom411,client411@email.com,1953-05-15,1,casa,0600000000,2023-05-10,Web
CL0412,Nom412,Prenom412,client412@email.com,1953-05-15,f,TANGER,0600000000,2023-05-10,Web
CL0413,Nom413,Prenom413,client413@email.com,1962-05-15,m,TNG,0600000000,2023-05-10,Web
CL0414,Nom414,Prenom414,client414@email.com,2025-05-15,1,kech,0600000000,2023-05-10,Web
CL0415,Nom415,Prenom415,client415@email.com,1960-05-15,F,Tnja,0600000000,2023-05-10,Web
CL0416,Nom416,Prenom416,client416@email.com,1993-05-15,H,tanger,0600000000,2023-05-10,Web
CL0417,Nom417,Prenom417,client417@email.com,1971-05-15,f,RBA,0600000000,2023-05-10,Web
CL0418,Nom418,Prenom418,client418@email.com,2025-05-15,Homme,RBA,0600000000,2023-05-10,Web
CL0419,Nom419,Prenom419,client419@email.com,1985-05-15,F,RBA,0600000000,2023-05-10,Web
CL0420,Nom420,Prenom420,client420@email.com,1950-05-15,Homme,marrakech,0600000000,2023-05-10,Web
CL0421,Nom421,Prenom421,client421@email.com,1988-05-15,Homme,tanger,0600000000,2023-05-10,Web
CL0422,Nom422,Prenom422,client422@email.com,1954-05-15,1,kech,0600000000,2023-05-10,Web
CL0423,Nom423,Prenom423,client423@email.com,1975-05-15,m,tanger,0600000000,2023-05-10,Web
CL0424,Nom424,Prenom424,client424@email.com,1991-05-15,F,TANGER,0600000000,2023-05-10,Web
CL0425,Nom425,Prenom425,client425@email.com,1994-05-15,F,tanger,0600000000,2023-05-10,Web
CL0426,Nom426,Prenom426,client426@email.com,1998-05-15,0,Agadir,0600000000,2023-05-10,Web
CL0427,Nom427,Prenom427,client427@email.com,1951-05-15,F,TNG,0600000000,2023-05-10,Web
CL0428,Nom428,Prenom428,client428email.com,1980-05-15,0,RBA,0600000000,2023-05-10,Web
CL0429,Nom429,Prenom429,client429@email.com,1962-05-15,F,CASABLANCA,0600000000,2023-05-10,Web
CL0430,Nom430,Prenom430,client430@email.com,1996-05-15,m,TNG,0600000000,2023-05-10,Web
CL0431,Nom431,Prenom431,client431@email.com,1980-05-15,Homme,kech,0600000000,2023-05-10,Web
CL0432,Nom432,Prenom432,client432@email.com,1977-05-15,f,kech,0600000000,2023-05-10,Web
CL0433,Nom433,Prenom433,client433@email.com,1954-05-15,Femme,TNG,0600000000,2023-05-10,Web
CL0434,Nom434,Prenom434,client434@email.com,2005-05-15,1,marrakech,0600000000,2023-05-10,Web
CL0435,Nom435,Prenom435,client435@email.com,1992-05-15,m,CASABLANCA,0600000000,2023-05-10,Web
CL0436,Nom436,Prenom436,client436@email.com,1994-05-15,m,RBA,0600000000,2023-05-10,Web
CL0437,Nom437,Prenom437,client437@email.com,1954-05-15,H,casa,0600000000,2023-05-10,Web
CL0438,Nom438,Prenom438,client438@email.com,1984-05-15,H,kech,0600000000,2023-05-10,Web
CL0439,Nom439,Prenom439,client439@email.com,1981-05-15,1,RBA,0600000000,2023-05-10,Web
CL0440,Nom440,Prenom440,client440@email.com,2001-05-15,1,Agadir,0600000000,2023-05-10,Web
CL0441,Nom441,Prenom441,client441@email.com,1966-05-15,Femme,marrakech,0600000000,2023-05-10,Web
CL0442,Nom442,Prenom442,client442@email.com,1977-05-15,Homme,casa,0600000000,2023-05-10,Web
CL0443,Nom443,Prenom443,client443@email.com,1974-05-15,m,kech,0600000000,2023-05-10,Web
CL0444,Nom444,Prenom444,client444@email.com,1983-05-15,F,TNG,0600000000,2023-05-10,Web
CL0445,Nom445,Prenom445,client445email.com,2001-05-15,1,Agadir,0600000000,2023-05-10,Web
CL0446,Nom446,Prenom446,client446@email.com,1955-05-15,f,CASABLANCA,0600000000,2023-05-10,Web
CL0447,Nom447,Prenom447,client447@email.com,2001-05-15,0,Tnja,0600000000,2023-05-10,Web
CL0448,Nom448,Prenom448,client448@email.com,2001-05-15,f,CASABLANCA,0600000000,2023-05-10,Web
CL0449,Nom449,Prenom449,client449@email.com,1990-05-15,m,TNG,0600000000,2023-05-10,Web
CL0450,Nom450,Prenom450,client450@email.com,2025-05-15,f,TNG,0600000000,2023-05-10,Web
CL0451,Nom451,Prenom451,client451@email.com,1992-05-15,f,Agadir,0600000000,2023-05-10,Web
CL0452,Nom452,Prenom452,client452@email.com,1996-05-15,F,kech,0600000000,2023-05-10,Web
CL0453,Nom453,Prenom453,client453@email.com,1957-05-15,f,marrakech,0600000000,2023-05-10,Web
CL0454,Nom454,Prenom454,client454@email.com,1981-05-15,1,marrakech,0600000000,2023-05-10,Web
CL0455,Nom455,Prenom455,client455email.com,1980-05-15,H,tanger,0600000000,2023-05-10,Web
CL0456,Nom456,Prenom456,client456@email.com,1983-05-15,m,Tnja,0600000000,2023-05-10,Web
CL0457,Nom457,Prenom457,client457@email.com,1988-05-15,f,tanger,0600000000,2023-05-10,Web
CL0458,Nom458,Prenom458,client458@email.com,1965-05-15,1,marrakech,0600000000,2023-05-10,Web
CL0459,Nom459,Prenom459,client459@email.com,2002-05-15,1,tanger,0600000000,2023-05-10,Web
CL0460,Nom460,Prenom460,client460@email.com,1991-05-15,m,tanger,0600000000,2023-05-10,Web
CL0461,Nom461,Prenom461,client461@email.com,1955-05-15,f,CASABLANCA,0600000000,2023-05-10,Web
CL0462,Nom462,Prenom462,client462@email.com,1975-05-15,m,CASABLANCA,0600000000,2023-05-10,Web
CL0463,Nom463,Prenom463,client463@email.com,1955-05-15,F,CASABLANCA,0600000000,2023-05-10,Web
CL0464,Nom464,Prenom464,client464@email.com,1999-05-15,F,RBA,0600000000,2023-05-10,Web
CL0465,Nom465,Prenom465,client465@email.com,1961-05-15,H,CASABLANCA,0600000000,2023-05-10,Web
CL0466,Nom466,Prenom466,client466@email.com,1953-05-15,H,tanger,0600000000,2023-05-10,Web
CL0467,Nom467,Prenom467,client467@email.com,1996-05-15,1,TANGER,0600000000,2023-05-10,Web
CL0468,Nom468,Prenom468,client468email.com,2001-05-15,F,marrakech,0600000000,2023-05-10,Web
CL0469,Nom469,Prenom469,client469@email.com,1977-05-15,F,kech,0600000000,2023-05-10,Web
CL0470,Nom470,Prenom470,client470@email.com,2002-05-15,F,RBA,0600000000,2023-05-10,Web
CL0471,Nom471,Prenom471,client471@email.com,1990-05-15,H,tanger,0600000000,2023-05-10,Web
CL0472,Nom472,Prenom472,client472@email.com,1963-05-15,F,Agadir,0600000000,2023-05-10,Web
CL0473,Nom473,Prenom473,client473@email.com,1985-05-15,1,casa,0600000000,2023-05-10,Web
CL0474,Nom474,Prenom474,client474@email.com,1959-05-15,0,Agadir,0600000000,2023-05-10,Web
CL0475,Nom475,Prenom475,client475@email.com,1992-05-15,Homme,RBA,0600000000,2023-05-10,Web
CL0476,Nom476,Prenom476,client476email.com,1987-05-15,f,casa,0600000000,2023-05-10,Web
CL0477,Nom477,Prenom477,client477@email.com,1987-05-15,Femme,TNG,0600000000,2023-05-10,Web
CL0478,Nom478,Prenom478,client478@email.com,1993-05-15,f,RBA,0600000000,2023-05-10,Web
CL0479,Nom479,Prenom479,client479@email.com,1979-05-15,m,kech,0600000000,2023-05-10,Web
CL0480,Nom480,Prenom480,client480@email.com,1958-05-15,f,TNG,0600000000,2023-05-10,Web
CL0481,Nom481,Prenom481,client481@email.com,1957-05-15,Femme,marrakech,0600000000,2023-05-10,Web
CL0482,Nom482,Prenom482,client482@email.com,1954-05-15,F,tanger,0600000000,2023-05-10,Web
CL0483,Nom483,Prenom483,client483email.com,1956-05-15,f,TNG,0600000000,2023-05-10,Web
CL0484,Nom484,Prenom484,client484@email.com,1955-05-15,F,casa,0600000000,2023-05-10,Web
CL0485,Nom485,Prenom485,client485@email.com,2001-05-15,m,Agadir,0600000000,2023-05-10,Web
CL0486,Nom486,Prenom486,client486@email.com,1966-05-15,Femme,TNG,0600000000,2023-05-10,Web
CL0487,Nom487,Prenom487,client487@email.com,1985-05-15,H,TANGER,0600000000,2023-05-10,Web
CL0488,Nom488,Prenom488,client488@email.com,1954-05-15,0,kech,0600000000,2023-05-10,Web
CL0489,Nom489,Prenom489,client489@email.com,1996-05-15,H,marrakech,0600000000,2023-05-10,Web
CL0490,Nom490,Prenom490,client490@email.com,1983-05-15,H,TNG,0600000000,2023-05-10,Web
CL0491,Nom491,Prenom491,client491@email.com,1993-05-15,Homme,tanger,0600000000,2023-05-10,Web
CL0492,Nom492,Prenom492,client492@email.com,1981-05-15,F,RBA,0600000000,2023-05-10,Web
CL0493,Nom493,Prenom493,client493@email.com,1953-05-15,m,Tnja,0600000000,2023-05-10,Web
CL0494,Nom494,Prenom494,client494@email.com,1969-05-15,Homme,TNG,0600000000,2023-05-10,Web
CL0495,Nom495,Prenom495,client495@email.com,1980-05-15,m,TANGER,0600000000,2023-05-10,Web
CL0496,Nom496,Prenom496,client496@email.com,1983-05-15,f,RBA,0600000000,2023-05-10,Web
CL0497,Nom497,Prenom497,client497@email.com,1969-05-15,1,Agadir,0600000000,2023-05-10,Web
CL0498,Nom498,Prenom498,client498@email.com,1971-05-15,Femme,Tnja,0600000000,2023-05-10,Web
CL0499,Nom499,Prenom499,client499@email.com,2003-05-15,0,Tnja,0600000000,2023-05-10,Web
CL0500,Nom500,Prenom500,client500email.com,1958-05-15,m,casa,0600000000,2023-05-10,Web
CL0501,Nom501,Prenom501,client501@email.com,1963-05-15,m,Tnja,0600000000,2023-05-10,Web
CL0502,Nom502,Prenom502,client502@email.com,1850-05-15,1,casa,0600000000,2023-05-10,Web
CL0503,Nom503,Prenom503,client503@email.com,1996-05-15,F,casa,0600000000,2023-05-10,Web
CL0504,Nom504,Prenom504,client504@email.com,2004-05-15,m,Tnja,0600000000,2023-05-10,Web
CL0505,Nom505,Prenom505,client505@email.com,1954-05-15,m,RBA,0600000000,2023-05-10,Web
CL0506,Nom506,Prenom506,client506@email.com,1950-05-15,F,Tnja,0600000000,2023-05-10,Web
CL0507,Nom507,Prenom507,client507@email.com,1950-05-15,H,Agadir,0600000000,2023-05-10,Web
CL0508,Nom508,Prenom508,client508@email.com,1975-05-15,Homme,Tnja,0600000000,2023-05-10,Web
CL0509,Nom509,Prenom509,client509@email.com,2000-05-15,Homme,casa,0600000000,2023-05-10,Web
CL0510,Nom510,Prenom510,client510@email.com,1993-05-15,Femme,TANGER,0600000000,2023-05-10,Web
CL0511,Nom511,Prenom511,client511@email.com,1953-05-15,1,casa,0600000000,2023-05-10,Web
CL0512,Nom512,Prenom512,client512@email.com,2003-05-15,m,Agadir,0600000000,2023-05-10,Web
CL0513,Nom513,Prenom513,client513@email.com,1996-05-15,1,kech,0600000000,2023-05-10,Web
CL0514,Nom514,Prenom514,client514@email.com,1979-05-15,0,TANGER,0600000000,2023-05-10,Web
CL0515,Nom515,Prenom515,client515@email.com,1983-05-15,1,RBA,0600000000,2023-05-10,Web
CL0516,Nom516,Prenom516,client516email.com,1957-05-15,Femme,tanger,0600000000,2023-05-10,Web
CL0517,Nom517,Prenom517,client517@email.com,1961-05-15,Femme,RBA,0600000000,2023-05-10,Web
CL0518,Nom518,Prenom518,client518@email.com,1957-05-15,1,Tnja,0600000000,2023-05-10,Web
CL0519,Nom519,Prenom519,client519@email.com,1971-05-15,0,kech,0600000000,2023-05-10,Web
CL0520,Nom520,Prenom520,client520@email.com,1976-05-15,H,tanger,0600000000,2023-05-10,Web
CL0521,Nom521,Prenom521,client521@email.com,1978-05-15,0,tanger,0600000000,2023-05-10,Web
CL0522,Nom522,Prenom522,client522@email.com,1952-05-15,f,Agadir,0600000000,2023-05-10,Web
CL0523,Nom523,Prenom523,client523@email.com,2004-05-15,Femme,kech,0600000000,2023-05-10,Web
CL0524,Nom524,Prenom524,client524@email.com,1974-05-15,f,TANGER,0600000000,2023-05-10,Web
CL0525,Nom525,Prenom525,client525@email.com,1954-05-15,Femme,marrakech,0600000000,2023-05-10,Web
CL0526,Nom526,Prenom526,client526@email.com,1960-05-15,m,TNG,0600000000,2023-05-10,Web
CL0527,Nom527,Prenom527,client527@email.com,1964-05-15,0,marrakech,0600000000,2023-05-10,Web
CL0528,Nom528,Prenom528,client528@email.com,2002-05-15,f,kech,0600000000,2023-05-10,Web
CL0529,Nom529,Prenom529,client529@email.com,1998-05-15,H,RBA,0600000000,2023-05-10,Web
CL0530,Nom530,Prenom530,client530@email.com,1985-05-15,m,CASABLANCA,0600000000,2023-05-10,Web
CL0531,Nom531,Prenom531,client531@email.com,1950-05-15,m,tanger,0600000000,2023-05-10,Web
CL0532,Nom532,Prenom532,client532@email.com,1973-05-15,Femme,marrakech,0600000000,2023-05-10,Web
CL0533,Nom533,Prenom533,client533@email.com,1959-05-15,Femme,Agadir,0600000000,2023-05-10,Web
CL0534,Nom534,Prenom534,client534@email.com,1985-05-15,m,kech,0600000000,2023-05-10,Web
CL0535,Nom535,Prenom535,client535@email.com,2000-05-15,f,kech,0600000000,2023-05-10,Web
CL0536,Nom536,Prenom536,client536@email.com,1960-05-15,F,kech,0600000000,2023-05-10,Web
CL0537,Nom537,Prenom537,client537@email.com,2025-05-15,0,Tnja,0600000000,2023-05-10,Web
CL0538,Nom538,Prenom538,client538@email.com,1983-05-15,H,marrakech,0600000000,2023-05-10,Web
CL0539,Nom539,Prenom539,client539@email.com,1964-05-15,F,kech,0600000000,2023-05-10,Web
CL0540,Nom540,Prenom540,client540@email.com,1965-05-15,0,Tnja,0600000000,2023-05-10,Web
CL0541,Nom541,Prenom541,client541@email.com,1965-05-15,m,tanger,0600000000,2023-05-10,Web
CL0542,Nom542,Prenom542,client542@email.com,1963-05-15,Homme,Tnja,0600000000,2023-05-10,Web
CL0543,Nom543,Prenom543,client543@email.com,1976-05-15,H,CASABLANCA,0600000000,2023-05-10,Web
CL0544,Nom544,Prenom544,client544@email.com,1984-05-15,m,casa,0600000000,2023-05-10,Web
CL0545,Nom545,Prenom545,client545@email.com,1993-05-15,1,kech,0600000000,2023-05-10,Web
CL0546,Nom546,Prenom546,client546@email.com,1982-05-15,1,Agadir,0600000000,2023-05-10,Web
CL0547,Nom547,Prenom547,client547@email.com,1986-05-15,H,CASABLANCA,0600000000,2023-05-10,Web
CL0548,Nom548,Prenom548,client548@email.com,2025-05-15,Femme,tanger,0600000000,2023-05-10,Web
CL0549,Nom549,Prenom549,client549@email.com,1964-05-15,Homme,Agadir,0600000000,2023-05-10,Web
CL0550,Nom550,Prenom550,client550@email.com,1981-05-15,F,Tnja,0600000000,2023-05-10,Web
CL0551,Nom551,Prenom551,client551@email.com,1954-05-15,0,TNG,0600000000,2023-05-10,Web
CL0552,Nom552,Prenom552,client552@email.com,1952-05-15,Femme,CASABLANCA,0600000000,2023-05-10,Web
CL0553,Nom553,Prenom553,client553@email.com,1968-05-15,m,CASABLANCA,0600000000,2023-05-10,Web
CL0554,Nom554,Prenom554,client554email.com,1968-05-15,0,casa,0600000000,2023-05-10,Web
CL0555,Nom555,Prenom555,client555@email.com,1983-05-15,H,Agadir,0600000000,2023-05-10,Web
CL0556,Nom556,Prenom556,client556@email.com,1978-05-15,0,RBA,0600000000,2023-05-10,Web
CL0557,Nom557,Prenom557,client557@email.com,1972-05-15,1,TNG,0600000000,2023-05-10,Web
CL0558,Nom558,Prenom558,client558@email.com,1981-05-15,F,casa,0600000000,2023-05-10,Web
CL0559,Nom559,Prenom559,client559@email.com,1982-05-15,Femme,marrakech,0600000000,2023-05-10,Web
CL0560,Nom560,Prenom560,client560@email.com,1957-05-15,1,TANGER,0600000000,2023-05-10,Web
CL0561,Nom561,Prenom561,client561@email.com,1995-05-15,f,TANGER,0600000000,2023-05-10,Web
CL0562,Nom562,Prenom562,client562@email.com,2005-05-15,1,TNG,0600000000,2023-05-10,Web
CL0563,Nom563,Prenom563,client563email.com,1963-05-15,F,tanger,0600000000,2023-05-10,Web
CL0564,Nom564,Prenom564,client564@email.com,1955-05-15,0,RBA,0600000000,2023-05-10,Web
CL0565,Nom565,Prenom565,client565@email.com,1976-05-15,1,Tnja,0600000000,2023-05-10,Web
CL0566,Nom566,Prenom566,client566@email.com,1961-05-15,f,TNG,0600000000,2023-05-10,Web
CL0567,Nom567,Prenom567,client567email.com,1981-05-15,f,kech,0600000000,2023-05-10,Web
CL0568,Nom568,Prenom568,client568email.com,1983-05-15,H,Agadir,0600000000,2023-05-10,Web
CL0569,Nom569,Prenom569,client569email.com,1999-05-15,0,RBA,0600000000,2023-05-10,Web
CL0570,Nom570,Prenom570,client570@email.com,2002-05-15,F,marrakech,0600000000,2023-05-10,Web
CL0571,Nom571,Prenom571,client571@email.com,1982-05-15,m,TANGER,0600000000,2023-05-10,Web
CL0572,Nom572,Prenom572,client572@email.com,1976-05-15,0,CASABLANCA,0600000000,2023-05-10,Web
CL0573,Nom573,Prenom573,client573@email.com,1988-05-15,0,TNG,0600000000,2023-05-10,Web
CL0574,Nom574,Prenom574,client574@email.com,1963-05-15,Femme,TANGER,0600000000,2023-05-10,Web
CL0575,Nom575,Prenom575,client575@email.com,1963-05-15,m,casa,0600000000,2023-05-10,Web
CL0576,Nom576,Prenom576,client576@email.com,1955-05-15,Femme,RBA,0600000000,2023-05-10,Web
CL0577,Nom577,Prenom577,client577@email.com,1967-05-15,0,kech,0600000000,2023-05-10,Web
CL0578,Nom578,Prenom578,client578@email.com,1998-05-15,Femme,kech,0600000000,2023-05-10,Web
CL0579,Nom579,Prenom579,client579@email.com,1985-05-15,Homme,TANGER,0600000000,2023-05-10,Web
CL0580,Nom580,Prenom580,client580@email.com,1959-05-15,m,casa,0600000000,2023-05-10,Web
CL0581,Nom581,Prenom581,client581@email.com,1994-05-15,F,casa,0600000000,2023-05-10,Web
CL0582,Nom582,Prenom582,client582@email.com,1962-05-15,H,CASABLANCA,0600000000,2023-05-10,Web
CL0583,Nom583,Prenom583,client583@email.com,1954-05-15,H,CASABLANCA,0600000000,2023-05-10,Web
CL0584,Nom584,Prenom584,client584@email.com,1968-05-15,f,tanger,0600000000,2023-05-10,Web
CL0585,Nom585,Prenom585,client585@email.com,1996-05-15,Homme,TANGER,0600000000,2023-05-10,Web
CL0586,Nom586,Prenom586,client586@email.com,1985-05-15,H,CASABLANCA,0600000000,2023-05-10,Web
CL0587,Nom587,Prenom587,client587@email.com,1959-05-15,f,marrakech,0600000000,2023-05-10,Web
CL0588,Nom588,Prenom588,client588@email.com,1969-05-15,0,tanger,0600000000,2023-05-10,Web
CL0589,Nom589,Prenom589,client589@email.com,1961-05-15,1,Tnja,0600000000,2023-05-10,Web
CL0590,Nom590,Prenom590,client590@email.com,1987-05-15,1,TNG,0600000000,2023-05-10,Web
CL0591,Nom591,Prenom591,client591@email.com,1955-05-15,H,TNG,0600000000,2023-05-10,Web
CL0592,Nom592,Prenom592,client592@email.com,1975-05-15,1,kech,0600000000,2023-05-10,Web
CL0593,Nom593,Prenom593,client593@email.com,1954-05-15,f,tanger,0600000000,2023-05-10,Web
CL0594,Nom594,Prenom594,client594@email.com,1850-05-15,m,tanger,0600000000,2023-05-10,Web
CL0595,Nom595,Prenom595,client595@email.com,1957-05-15,Homme,kech,0600000000,2023-05-10,Web
CL0596,Nom596,Prenom596,client596@email.com,2002-05-15,F,CASABLANCA,0600000000,2023-05-10,Web
CL0597,Nom597,Prenom597,client597@email.com,1960-05-15,f,marrakech,0600000000,2023-05-10,Web
CL0598,Nom598,Prenom598,client598@email.com,1999-05-15,F,TANGER,0600000000,2023-05-10,Web
CL0599,Nom599,Prenom599,client599email.com,2004-05-15,F,Agadir,0600000000,2023-05-10,Web
CL0600,Nom600,Prenom600,client600@email.com,2025-05-15,m,RBA,0600000000,2023-05-10,Web
CL0601,Nom601,Prenom601,client601@email.com,2000-05-15,1,Agadir,0600000000,2023-05-10,Web
CL0602,Nom602,Prenom602,client602@email.com,1997-05-15,0,CASABLANCA,0600000000,2023-05-10,Web
CL0603,Nom603,Prenom603,client603@email.com,1998-05-15,1,TNG,0600000000,2023-05-10,Web
CL0604,Nom604,Prenom604,client604@email.com,1999-05-15,1,TNG,0600000000,2023-05-10,Web
CL0605,Nom605,Prenom605,client605@email.com,1965-05-15,f,CASABLANCA,0600000000,2023-05-10,Web
CL0606,Nom606,Prenom606,client606@email.com,2003-05-15,Homme,TNG,0600000000,2023-05-10,Web
CL0607,Nom607,Prenom607,client607@email.com,1974-05-15,Femme,Tnja,0600000000,2023-05-10,Web
CL0608,Nom608,Prenom608,client608@email.com,2003-05-15,Homme,TNG,0600000000,2023-05-10,Web
CL0609,Nom609,Prenom609,client609@email.com,1976-05-15,m,casa,0600000000,2023-05-10,Web
CL0610,Nom610,Prenom610,client610@email.com,1963-05-15,Homme,CASABLANCA,0600000000,2023-05-10,Web
CL0611,Nom611,Prenom611,client611@email.com,1984-05-15,m,marrakech,0600000000,2023-05-10,Web
CL0612,Nom612,Prenom612,client612@email.com,1988-05-15,H,TNG,0600000000,2023-05-10,Web
CL0613,Nom613,Prenom613,client613@email.com,1978-05-15,Homme,marrakech,0600000000,2023-05-10,Web
CL0614,Nom614,Prenom614,client614@email.com,1850-05-15,Femme,TANGER,0600000000,2023-05-10,Web
CL0615,Nom615,Prenom615,client615@email.com,1989-05-15,Homme,TNG,0600000000,2023-05-10,Web
CL0616,Nom616,Prenom616,client616@email.com,1973-05-15,m,RBA,0600000000,2023-05-10,Web
CL0617,Nom617,Prenom617,client617@email.com,1982-05-15,H,Agadir,0600000000,2023-05-10,Web
CL0618,Nom618,Prenom618,client618@email.com,2000-05-15,H,marrakech,0600000000,2023-05-10,Web
CL0619,Nom619,Prenom619,client619@email.com,1958-05-15,m,CASABLANCA,0600000000,2023-05-10,Web
CL0620,Nom620,Prenom620,client620@email.com,2025-05-15,H,tanger,0600000000,2023-05-10,Web
CL0621,Nom621,Prenom621,client621@email.com,1962-05-15,f,kech,0600000000,2023-05-10,Web
CL0622,Nom622,Prenom622,client622@email.com,1962-05-15,1,RBA,0600000000,2023-05-10,Web
CL0623,Nom623,Prenom623,client623@email.com,1983-05-15,H,Agadir,0600000000,2023-05-10,Web
CL0624,Nom624,Prenom624,client624@email.com,1963-05-15,1,marrakech,0600000000,2023-05-10,Web
CL0625,Nom625,Prenom625,client625email.com,1985-05-15,f,RBA,0600000000,2023-05-10,Web
CL0626,Nom626,Prenom626,client626@email.com,1983-05-15,0,TANGER,0600000000,2023-05-10,Web
CL0627,Nom627,Prenom627,client627@email.com,1959-05-15,H,TANGER,0600000000,2023-05-10,Web
CL0628,Nom628,Prenom628,client628@email.com,1995-05-15,Homme,TANGER,0600000000,2023-05-10,Web
CL0629,Nom629,Prenom629,client629@email.com,1973-05-15,Femme,Agadir,0600000000,2023-05-10,Web
CL0630,Nom630,Prenom630,client630@email.com,1952-05-15,Homme,Tnja,0600000000,2023-05-10,Web
CL0631,Nom631,Prenom631,client631@email.com,1982-05-15,0,RBA,0600000000,2023-05-10,Web
CL0632,Nom632,Prenom632,client632@email.com,1989-05-15,m,TNG,0600000000,2023-05-10,Web
CL0633,Nom633,Prenom633,client633@email.com,1957-05-15,Homme,casa,0600000000,2023-05-10,Web
CL0634,Nom634,Prenom634,client634@email.com,1957-05-15,Femme,Agadir,0600000000,2023-05-10,Web
CL0635,Nom635,Prenom635,client635@email.com,1951-05-15,F,Tnja,0600000000,2023-05-10,Web
CL0636,Nom636,Prenom636,client636@email.com,1961-05-15,f,marrakech,0600000000,2023-05-10,Web
CL0637,Nom637,Prenom637,client637@email.com,1965-05-15,0,Tnja,0600000000,2023-05-10,Web
CL0638,Nom638,Prenom638,client638email.com,2005-05-15,F,tanger,0600000000,2023-05-10,Web
CL0639,Nom639,Prenom639,client639@email.com,1962-05-15,m,TANGER,0600000000,2023-05-10,Web
CL0640,Nom640,Prenom640,client640@email.com,1963-05-15,Femme,TNG,0600000000,2023-05-10,Web
CL0641,Nom641,Prenom641,client641@email.com,1982-05-15,Homme,kech,0600000000,2023-05-10,Web
CL0642,Nom642,Prenom642,client642@email.com,1984-05-15,f,CASABLANCA,0600000000,2023-05-10,Web
CL0643,Nom643,Prenom643,client643@email.com,1971-05-15,m,TANGER,0600000000,2023-05-10,Web
CL0644,Nom644,Prenom644,client644@email.com,1996-05-15,Femme,Tnja,0600000000,2023-05-10,Web
CL0645,Nom645,Prenom645,client645@email.com,1990-05-15,H,Tnja,0600000000,2023-05-10,Web
CL0646,Nom646,Prenom646,client646@email.com,1987-05-15,0,Agadir,0600000000,2023-05-10,Web
CL0647,Nom647,Prenom647,client647@email.com,1964-05-15,Homme,Tnja,0600000000,2023-05-10,Web
CL0648,Nom648,Prenom648,client648@email.com,1958-05-15,Femme,Agadir,0600000000,2023-05-10,Web
CL0649,Nom649,Prenom649,client649@email.com,1964-05-15,F,tanger,0600000000,2023-05-10,Web
CL0650,Nom650,Prenom650,client650@email.com,1980-05-15,m,tanger,0600000000,2023-05-10,Web
CL0651,Nom651,Prenom651,client651@email.com,1971-05-15,0,TANGER,0600000000,2023-05-10,Web
CL0652,Nom652,Prenom652,client652@email.com,1970-05-15,Femme,Agadir,0600000000,2023-05-10,Web
CL0653,Nom653,Prenom653,client653@email.com,1977-05-15,f,CASABLANCA,0600000000,2023-05-10,Web
CL0654,Nom654,Prenom654,client654@email.com,1965-05-15,0,kech,0600000000,2023-05-10,Web
CL0655,Nom655,Prenom655,client655@email.com,1990-05-15,Femme,TANGER,0600000000,2023-05-10,Web
CL0656,Nom656,Prenom656,client656@email.com,1973-05-15,1,kech,0600000000,2023-05-10,Web
CL0657,Nom657,Prenom657,client657@email.com,1969-05-15,f,RBA,0600000000,2023-05-10,Web
CL0658,Nom658,Prenom658,client658@email.com,1987-05-15,Femme,RBA,0600000000,2023-05-10,Web
CL0659,Nom659,Prenom659,client659@email.com,1966-05-15,F,kech,0600000000,2023-05-10,Web
CL0660,Nom660,Prenom660,client660@email.com,1987-05-15,H,tanger,0600000000,2023-05-10,Web
CL0661,Nom661,Prenom661,client661@email.com,1950-05-15,H,RBA,0600000000,2023-05-10,Web
CL0662,Nom662,Prenom662,client662@email.com,1980-05-15,1,marrakech,0600000000,2023-05-10,Web
CL0663,Nom663,Prenom663,client663@email.com,1982-05-15,Homme,TNG,0600000000,2023-05-10,Web
CL0664,Nom664,Prenom664,client664@email.com,1986-05-15,H,TNG,0600000000,2023-05-10,Web
CL0665,Nom665,Prenom665,client665@email.com,1972-05-15,Homme,TANGER,0600000000,2023-05-10,Web
CL0666,Nom666,Prenom666,client666@email.com,1964-05-15,1,kech,0600000000,2023-05-10,Web
CL0667,Nom667,Prenom667,client667email.com,1990-05-15,Femme,tanger,0600000000,2023-05-10,Web
CL0668,Nom668,Prenom668,client668@email.com,1959-05-15,H,Tnja,0600000000,2023-05-10,Web
CL0669,Nom669,Prenom669,client669@email.com,1987-05-15,H,TANGER,0600000000,2023-05-10,Web
CL0670,Nom670,Prenom670,client670@email.com,2002-05-15,m,TANGER,0600000000,2023-05-10,Web
CL0671,Nom671,Prenom671,client671@email.com,1980-05-15,1,kech,0600000000,2023-05-10,Web
CL0672,Nom672,Prenom672,client672@email.com,1850-05-15,F,marrakech,0600000000,2023-05-10,Web
CL0673,Nom673,Prenom673,client673@email.com,1953-05-15,0,kech,0600000000,2023-05-10,Web
CL0674,Nom674,Prenom674,client674@email.com,1977-05-15,f,Tnja,0600000000,2023-05-10,Web
CL0675,Nom675,Prenom675,client675@email.com,1964-05-15,m,Agadir,0600000000,2023-05-10,Web
CL0676,Nom676,Prenom676,client676@email.com,1995-05-15,H,casa,0600000000,2023-05-10,Web
CL0677,Nom677,Prenom677,client677@email.com,1959-05-15,Femme,CASABLANCA,0600000000,2023-05-10,Web
CL0678,Nom678,Prenom678,client678@email.com,1953-05-15,Femme,kech,0600000000,2023-05-10,Web
CL0679,Nom679,Prenom679,client679@email.com,1999-05-15,F,Tnja,0600000000,2023-05-10,Web
CL0680,Nom680,Prenom680,client680@email.com,1991-05-15,0,TNG,0600000000,2023-05-10,Web
CL0681,Nom681,Prenom681,client681@email.com,2003-05-15,f,Tnja,0600000000,2023-05-10,Web
CL0682,Nom682,Prenom682,client682@email.com,1959-05-15,Homme,TNG,0600000000,2023-05-10,Web
CL0683,Nom683,Prenom683,client683@email.com,1991-05-15,Homme,marrakech,0600000000,2023-05-10,Web
CL0684,Nom684,Prenom684,client684@email.com,1964-05-15,0,Tnja,0600000000,2023-05-10,Web
CL0685,Nom685,Prenom685,client685@email.com,1988-05-15,Homme,TANGER,0600000000,2023-05-10,Web
CL0686,Nom686,Prenom686,client686@email.com,1850-05-15,F,RBA,0600000000,2023-05-10,Web
CL0687,Nom687,Prenom687,client687@email.com,1972-05-15,F,casa,0600000000,2023-05-10,Web
CL0688,Nom688,Prenom688,client688@email.com,2000-05-15,Homme,tanger,0600000000,2023-05-10,Web
CL0689,Nom689,Prenom689,client689@email.com,1962-05-15,Homme,marrakech,0600000000,2023-05-10,Web
CL0690,Nom690,Prenom690,client690@email.com,1965-05-15,0,kech,0600000000,2023-05-10,Web
CL0691,Nom691,Prenom691,client691@email.com,1997-05-15,f,casa,0600000000,2023-05-10,Web
CL0692,Nom692,Prenom692,client692@email.com,2001-05-15,m,TANGER,0600000000,2023-05-10,Web
CL0693,Nom693,Prenom693,client693email.com,1987-05-15,H,TANGER,0600000000,2023-05-10,Web
CL0694,Nom694,Prenom694,client694@email.com,1987-05-15,1,TANGER,0600000000,2023-05-10,Web
CL0695,Nom695,Prenom695,client695email.com,1959-05-15,F,Agadir,0600000000,2023-05-10,Web
CL0696,Nom696,Prenom696,client696@email.com,1986-05-15,1,marrakech,0600000000,2023-05-10,Web
CL0697,Nom697,Prenom697,client697@email.com,1974-05-15,m,CASABLANCA,0600000000,2023-05-10,Web
CL0698,Nom698,Prenom698,client698@email.com,1980-05-15,1,casa,0600000000,2023-05-10,Web
CL0699,Nom699,Prenom699,client699@email.com,1984-05-15,m,TANGER,0600000000,2023-05-10,Web
CL0700,Nom700,Prenom700,client700@email.com,1952-05-15,0,Tnja,0600000000,2023-05-10,Web
CL0701,Nom701,Prenom701,client701@email.com,1957-05-15,Femme,TANGER,0600000000,2023-05-10,Web
CL0702,Nom702,Prenom702,client702@email.com,1989-05-15,0,casa,0600000000,2023-05-10,Web
CL0703,Nom703,Prenom703,client703@email.com,1988-05-15,H,TNG,0600000000,2023-05-10,Web
CL0704,Nom704,Prenom704,client704@email.com,1963-05-15,m,casa,0600000000,2023-05-10,Web
CL0705,Nom705,Prenom705,client705@email.com,2002-05-15,1,casa,0600000000,2023-05-10,Web
CL0706,Nom706,Prenom706,client706@email.com,1969-05-15,F,Tnja,0600000000,2023-05-10,Web
CL0707,Nom707,Prenom707,client707@email.com,1976-05-15,0,TNG,0600000000,2023-05-10,Web
CL0708,Nom708,Prenom708,client708@email.com,1985-05-15,0,Agadir,0600000000,2023-05-10,Web
CL0709,Nom709,Prenom709,client709@email.com,1995-05-15,1,marrakech,0600000000,2023-05-10,Web
CL0710,Nom710,Prenom710,client710@email.com,1971-05-15,H,kech,0600000000,2023-05-10,Web
CL0711,Nom711,Prenom711,client711@email.com,1964-05-15,m,CASABLANCA,0600000000,2023-05-10,Web
CL0712,Nom712,Prenom712,client712@email.com,1978-05-15,0,Tnja,0600000000,2023-05-10,Web
CL0713,Nom713,Prenom713,client713@email.com,2025-05-15,Femme,kech,0600000000,2023-05-10,Web
CL0714,Nom714,Prenom714,client714@email.com,1959-05-15,F,marrakech,0600000000,2023-05-10,Web
CL0715,Nom715,Prenom715,client715@email.com,2025-05-15,H,tanger,0600000000,2023-05-10,Web
CL0716,Nom716,Prenom716,client716@email.com,1973-05-15,H,TNG,0600000000,2023-05-10,Web
CL0717,Nom717,Prenom717,client717@email.com,1965-05-15,0,casa,0600000000,2023-05-10,Web
CL0718,Nom718,Prenom718,client718@email.com,1974-05-15,m,Tnja,0600000000,2023-05-10,Web
CL0719,Nom719,Prenom719,client719@email.com,1976-05-15,1,TANGER,0600000000,2023-05-10,Web
CL0720,Nom720,Prenom720,client720email.com,1958-05-15,Homme,casa,0600000000,2023-05-10,Web
CL0721,Nom721,Prenom721,client721@email.com,1981-05-15,Femme,TNG,0600000000,2023-05-10,Web
CL0722,Nom722,Prenom722,client722@email.com,1989-05-15,0,Agadir,0600000000,2023-05-10,Web
CL0723,Nom723,Prenom723,client723@email.com,1994-05-15,F,TNG,0600000000,2023-05-10,Web
CL0724,Nom724,Prenom724,client724@email.com,2001-05-15,Femme,TNG,0600000000,2023-05-10,Web
CL0725,Nom725,Prenom725,client725@email.com,1998-05-15,H,marrakech,0600000000,2023-05-10,Web
CL0726,Nom726,Prenom726,client726@email.com,1973-05-15,m,TANGER,0600000000,2023-05-10,Web
CL0727,Nom727,Prenom727,client727@email.com,1953-05-15,1,casa,0600000000,2023-05-10,Web
CL0728,Nom728,Prenom728,client728@email.com,1987-05-15,H,tanger,0600000000,2023-05-10,Web
CL0729,Nom729,Prenom729,client729@email.com,1953-05-15,Femme,casa,0600000000,2023-05-10,Web
CL0730,Nom730,Prenom730,client730email.com,1958-05-15,f,kech,0600000000,2023-05-10,Web
CL0731,Nom731,Prenom731,client731@email.com,1965-05-15,1,marrakech,0600000000,2023-05-10,Web
CL0732,Nom732,Prenom732,client732@email.com,1965-05-15,1,RBA,0600000000,2023-05-10,Web
CL0733,Nom733,Prenom733,client733@email.com,1961-05-15,f,Agadir,0600000000,2023-05-10,Web
CL0734,Nom734,Prenom734,client734@email.com,1958-05-15,0,TANGER,0600000000,2023-05-10,Web
CL0735,Nom735,Prenom735,client735@email.com,1977-05-15,Femme,kech,0600000000,2023-05-10,Web
CL0736,Nom736,Prenom736,client736@email.com,1984-05-15,F,RBA,0600000000,2023-05-10,Web
CL0737,Nom737,Prenom737,client737@email.com,1991-05-15,Homme,marrakech,0600000000,2023-05-10,Web
CL0738,Nom738,Prenom738,client738@email.com,1974-05-15,F,casa,0600000000,2023-05-10,Web
CL0739,Nom739,Prenom739,client739@email.com,1966-05-15,Homme,CASABLANCA,0600000000,2023-05-10,Web
CL0740,Nom740,Prenom740,client740@email.com,1983-05-15,1,tanger,0600000000,2023-05-10,Web
CL0741,Nom741,Prenom741,client741@email.com,1951-05-15,m,Tnja,0600000000,2023-05-10,Web
CL0742,Nom742,Prenom742,client742@email.com,2005-05-15,Homme,casa,0600000000,2023-05-10,Web
CL0743,Nom743,Prenom743,client743@email.com,1961-05-15,F,Agadir,0600000000,2023-05-10,Web
CL0744,Nom744,Prenom744,client744@email.com,2002-05-15,Homme,Tnja,0600000000,2023-05-10,Web
CL0745,Nom745,Prenom745,client745@email.com,1967-05-15,F,tanger,0600000000,2023-05-10,Web
CL0746,Nom746,Prenom746,client746@email.com,1985-05-15,Homme,TNG,0600000000,2023-05-10,Web
CL0747,Nom747,Prenom747,client747@email.com,1967-05-15,1,RBA,0600000000,2023-05-10,Web
CL0748,Nom748,Prenom748,client748@email.com,2000-05-15,0,Tnja,0600000000,2023-05-10,Web
CL0749,Nom749,Prenom749,client749@email.com,1997-05-15,H,tanger,0600000000,2023-05-10,Web
CL0750,Nom750,Prenom750,client750@email.com,2001-05-15,F,Tnja,0600000000,2023-05-10,Web
CL0751,Nom751,Prenom751,client751@email.com,1951-05-15,f,marrakech,0600000000,2023-05-10,Web
CL0752,Nom752,Prenom752,client752@email.com,1950-05-15,f,casa,0600000000,2023-05-10,Web
CL0753,Nom753,Prenom753,client753@email.com,1978-05-15,1,casa,0600000000,2023-05-10,Web
CL0754,Nom754,Prenom754,client754@email.com,1960-05-15,H,Tnja,0600000000,2023-05-10,Web
CL0755,Nom755,Prenom755,client755email.com,1957-05-15,0,casa,0600000000,2023-05-10,Web
CL0756,Nom756,Prenom756,client756@email.com,1990-05-15,H,RBA,0600000000,2023-05-10,Web
CL0757,Nom757,Prenom757,client757@email.com,1956-05-15,0,marrakech,0600000000,2023-05-10,Web
CL0758,Nom758,Prenom758,client758@email.com,1991-05-15,m,TNG,0600000000,2023-05-10,Web
CL0759,Nom759,Prenom759,client759@email.com,1967-05-15,Homme,RBA,0600000000,2023-05-10,Web
CL0760,Nom760,Prenom760,client760email.com,1997-05-15,Homme,casa,0600000000,2023-05-10,Web
CL0761,Nom761,Prenom761,client761@email.com,1966-05-15,Femme,CASABLANCA,0600000000,2023-05-10,Web
CL0762,Nom762,Prenom762,client762@email.com,1973-05-15,Femme,TNG,0600000000,2023-05-10,Web
CL0763,Nom763,Prenom763,client763@email.com,2000-05-15,0,casa,0600000000,2023-05-10,Web
CL0764,Nom764,Prenom764,client764@email.com,1982-05-15,0,tanger,0600000000,2023-05-10,Web
CL0765,Nom765,Prenom765,client765@email.com,1963-05-15,m,RBA,0600000000,2023-05-10,Web
CL0766,Nom766,Prenom766,client766@email.com,1956-05-15,Femme,Agadir,0600000000,2023-05-10,Web
CL0767,Nom767,Prenom767,client767@email.com,2000-05-15,Homme,Agadir,0600000000,2023-05-10,Web
CL0768,Nom768,Prenom768,client768@email.com,1981-05-15,Homme,TANGER,0600000000,2023-05-10,Web
CL0769,Nom769,Prenom769,client769@email.com,1972-05-15,f,marrakech,0600000000,2023-05-10,Web
CL0770,Nom770,Prenom770,client770@email.com,1968-05-15,1,TNG,0600000000,2023-05-10,Web
CL0771,Nom771,Prenom771,client771@email.com,2002-05-15,Homme,TANGER,0600000000,2023-05-10,Web
CL0772,Nom772,Prenom772,client772@email.com,2000-05-15,H,marrakech,0600000000,2023-05-10,Web
CL0773,Nom773,Prenom773,client773@email.com,1968-05-15,f,tanger,0600000000,2023-05-10,Web
CL0774,Nom774,Prenom774,client774@email.com,1962-05-15,m,RBA,0600000000,2023-05-10,Web
CL0775,Nom775,Prenom775,client775@email.com,1965-05-15,Femme,TANGER,0600000000,2023-05-10,Web
CL0776,Nom776,Prenom776,client776@email.com,1997-05-15,m,CASABLANCA,0600000000,2023-05-10,Web
CL0777,Nom777,Prenom777,client777@email.com,1987-05-15,Homme,tanger,0600000000,2023-05-10,Web
CL0778,Nom778,Prenom778,client778@email.com,1978-05-15,H,tanger,0600000000,2023-05-10,Web
CL0779,Nom779,Prenom779,client779@email.com,1961-05-15,m,RBA,0600000000,2023-05-10,Web
CL0780,Nom780,Prenom780,client780@email.com,1983-05-15,Femme,Agadir,0600000000,2023-05-10,Web
CL0781,Nom781,Prenom781,client781@email.com,1997-05-15,0,CASABLANCA,0600000000,2023-05-10,Web
CL0782,Nom782,Prenom782,client782@email.com,1980-05-15,0,casa,0600000000,2023-05-10,Web
CL0783,Nom783,Prenom783,client783@email.com,1977-05-15,m,CASABLANCA,0600000000,2023-05-10,Web
CL0784,Nom784,Prenom784,client784@email.com,1959-05-15,f,casa,0600000000,2023-05-10,Web
CL0785,Nom785,Prenom785,client785@email.com,1977-05-15,Homme,TNG,0600000000,2023-05-10,Web
CL0786,Nom786,Prenom786,client786@email.com,1986-05-15,F,casa,0600000000,2023-05-10,Web
CL0787,Nom787,Prenom787,client787@email.com,1993-05-15,H,CASABLANCA,0600000000,2023-05-10,Web
CL0788,Nom788,Prenom788,client788email.com,1981-05-15,1,RBA,0600000000,2023-05-10,Web
CL0789,Nom789,Prenom789,client789@email.com,1967-05-15,H,RBA,0600000000,2023-05-10,Web
CL0790,Nom790,Prenom790,client790email.com,1976-05-15,F,Tnja,0600000000,2023-05-10,Web
CL0791,Nom791,Prenom791,client791@email.com,1955-05-15,1,CASABLANCA,0600000000,2023-05-10,Web
CL0792,Nom792,Prenom792,client792email.com,1990-05-15,Femme,tanger,0600000000,2023-05-10,Web
CL0793,Nom793,Prenom793,client793@email.com,2004-05-15,H,CASABLANCA,0600000000,2023-05-10,Web
CL0794,Nom794,Prenom794,client794@email.com,2004-05-15,0,RBA,0600000000,2023-05-10,Web
CL0795,Nom795,Prenom795,client795@email.com,1850-05-15,0,Agadir,0600000000,2023-05-10,Web
CL0796,Nom796,Prenom796,client796@email.com,1964-05-15,f,Tnja,0600000000,2023-05-10,Web
CL0797,Nom797,Prenom797,client797@email.com,1985-05-15,f,Agadir,0600000000,2023-05-10,Web
CL0798,Nom798,Prenom798,client798@email.com,1980-05-15,1,kech,0600000000,2023-05-10,Web
CL0799,Nom799,Prenom799,client799@email.com,2025-05-15,1,Tnja,0600000000,2023-05-10,Web
CL0800,Nom800,Prenom800,client800@email.com,1993-05-15,Femme,Agadir,0600000000,2023-05-10,Web
CL0801,Nom801,Prenom801,client801@email.com,1996-05-15,1,tanger,0600000000,2023-05-10,Web
CL0802,Nom802,Prenom802,client802@email.com,1976-05-15,1,tanger,0600000000,2023-05-10,Web
CL0803,Nom803,Prenom803,client803@email.com,1966-05-15,H,marrakech,0600000000,2023-05-10,Web
CL0804,Nom804,Prenom804,client804@email.com,1962-05-15,1,Tnja,0600000000,2023-05-10,Web
CL0805,Nom805,Prenom805,client805@email.com,1962-05-15,f,kech,0600000000,2023-05-10,Web
CL0806,Nom806,Prenom806,client806@email.com,1987-05-15,H,kech,0600000000,2023-05-10,Web
CL0807,Nom807,Prenom807,client807@email.com,2000-05-15,H,TANGER,0600000000,2023-05-10,Web
CL0808,Nom808,Prenom808,client808@email.com,1960-05-15,Femme,TNG,0600000000,2023-05-10,Web
CL0809,Nom809,Prenom809,client809@email.com,1953-05-15,F,TANGER,0600000000,2023-05-10,Web
CL0810,Nom810,Prenom810,client810@email.com,1951-05-15,1,casa,0600000000,2023-05-10,Web
CL0811,Nom811,Prenom811,client811@email.com,1969-05-15,m,casa,0600000000,2023-05-10,Web
CL0812,Nom812,Prenom812,client812@email.com,1980-05-15,0,CASABLANCA,0600000000,2023-05-10,Web
CL0813,Nom813,Prenom813,client813@email.com,1959-05-15,0,marrakech,0600000000,2023-05-10,Web
CL0814,Nom814,Prenom814,client814email.com,1987-05-15,Femme,TNG,0600000000,2023-05-10,Web
CL0815,Nom815,Prenom815,client815@email.com,1979-05-15,F,TNG,0600000000,2023-05-10,Web
CL0816,Nom816,Prenom816,client816@email.com,2004-05-15,m,CASABLANCA,0600000000,2023-05-10,Web
CL0817,Nom817,Prenom817,client817@email.com,1992-05-15,f,kech,0600000000,2023-05-10,Web
CL0818,Nom818,Prenom818,client818@email.com,1953-05-15,m,kech,0600000000,2023-05-10,Web
CL0819,Nom819,Prenom819,client819@email.com,1957-05-15,H,marrakech,0600000000,2023-05-10,Web
CL0820,Nom820,Prenom820,client820email.com,1951-05-15,1,Agadir,0600000000,2023-05-10,Web
CL0821,Nom821,Prenom821,client821@email.com,1981-05-15,0,TANGER,0600000000,2023-05-10,Web
CL0822,Nom822,Prenom822,client822@email.com,1964-05-15,Femme,CASABLANCA,0600000000,2023-05-10,Web
CL0823,Nom823,Prenom823,client823@email.com,1977-05-15,F,kech,0600000000,2023-05-10,Web
CL0824,Nom824,Prenom824,client824@email.com,1998-05-15,f,Tnja,0600000000,2023-05-10,Web
CL0825,Nom825,Prenom825,client825@email.com,1995-05-15,Homme,casa,0600000000,2023-05-10,Web
CL0826,Nom826,Prenom826,client826@email.com,1958-05-15,1,RBA,0600000000,2023-05-10,Web
CL0827,Nom827,Prenom827,client827@email.com,1953-05-15,F,casa,0600000000,2023-05-10,Web
CL0828,Nom828,Prenom828,client828@email.com,1994-05-15,Homme,marrakech,0600000000,2023-05-10,Web
CL0829,Nom829,Prenom829,client829@email.com,1990-05-15,F,Tnja,0600000000,2023-05-10,Web
CL0830,Nom830,Prenom830,client830@email.com,1991-05-15,Femme,Agadir,0600000000,2023-05-10,Web
CL0831,Nom831,Prenom831,client831@email.com,1961-05-15,0,marrakech,0600000000,2023-05-10,Web
CL0832,Nom832,Prenom832,client832@email.com,1983-05-15,0,tanger,0600000000,2023-05-10,Web
CL0833,Nom833,Prenom833,client833@email.com,1972-05-15,f,marrakech,0600000000,2023-05-10,Web
CL0834,Nom834,Prenom834,client834@email.com,1960-05-15,Homme,marrakech,0600000000,2023-05-10,Web
CL0835,Nom835,Prenom835,client835@email.com,1959-05-15,H,tanger,0600000000,2023-05-10,Web
CL0836,Nom836,Prenom836,client836@email.com,1989-05-15,Homme,Tnja,0600000000,2023-05-10,Web
CL0837,Nom837,Prenom837,client837@email.com,1995-05-15,Homme,marrakech,0600000000,2023-05-10,Web
CL0838,Nom838,Prenom838,client838@email.com,1963-05-15,H,casa,0600000000,2023-05-10,Web
CL0839,Nom839,Prenom839,client839@email.com,1984-05-15,1,kech,0600000000,2023-05-10,Web
CL0840,Nom840,Prenom840,client840@email.com,1971-05-15,f,Agadir,0600000000,2023-05-10,Web
CL0841,Nom841,Prenom841,client841@email.com,2000-05-15,F,TANGER,0600000000,2023-05-10,Web
CL0842,Nom842,Prenom842,client842@email.com,1999-05-15,m,TANGER,0600000000,2023-05-10,Web
CL0843,Nom843,Prenom843,client843@email.com,1951-05-15,f,Tnja,0600000000,2023-05-10,Web
CL0844,Nom844,Prenom844,client844@email.com,1952-05-15,Homme,TANGER,0600000000,2023-05-10,Web
CL0845,Nom845,Prenom845,client845@email.com,1967-05-15,0,casa,0600000000,2023-05-10,Web
CL0846,Nom846,Prenom846,client846@email.com,1969-05-15,1,casa,0600000000,2023-05-10,Web
CL0847,Nom847,Prenom847,client847@email.com,1983-05-15,m,RBA,0600000000,2023-05-10,Web
CL0848,Nom848,Prenom848,client848@email.com,1990-05-15,Homme,CASABLANCA,0600000000,2023-05-10,Web
CL0849,Nom849,Prenom849,client849@email.com,1976-05-15,0,marrakech,0600000000,2023-05-10,Web
CL0850,Nom850,Prenom850,client850@email.com,1980-05-15,0,TNG,0600000000,2023-05-10,Web
CL0851,Nom851,Prenom851,client851@email.com,1988-05-15,H,Tnja,0600000000,2023-05-10,Web
CL0852,Nom852,Prenom852,client852@email.com,1990-05-15,0,TANGER,0600000000,2023-05-10,Web
CL0853,Nom853,Prenom853,client853@email.com,2000-05-15,Homme,CASABLANCA,0600000000,2023-05-10,Web
CL0854,Nom854,Prenom854,client854@email.com,1984-05-15,f,tanger,0600000000,2023-05-10,Web
CL0855,Nom855,Prenom855,client855@email.com,1975-05-15,1,tanger,0600000000,2023-05-10,Web
CL0856,Nom856,Prenom856,client856email.com,1957-05-15,f,marrakech,0600000000,2023-05-10,Web
CL0857,Nom857,Prenom857,client857@email.com,1959-05-15,H,tanger,0600000000,2023-05-10,Web
CL0858,Nom858,Prenom858,client858@email.com,1966-05-15,H,kech,0600000000,2023-05-10,Web
CL0859,Nom859,Prenom859,client859@email.com,1975-05-15,f,casa,0600000000,2023-05-10,Web
CL0860,Nom860,Prenom860,client860@email.com,1962-05-15,0,casa,0600000000,2023-05-10,Web
CL0861,Nom861,Prenom861,client861@email.com,1978-05-15,0,Tnja,0600000000,2023-05-10,Web
CL0862,Nom862,Prenom862,client862@email.com,1953-05-15,H,Tnja,0600000000,2023-05-10,Web
CL0863,Nom863,Prenom863,client863@email.com,1850-05-15,1,casa,0600000000,2023-05-10,Web
CL0864,Nom864,Prenom864,client864@email.com,1972-05-15,Femme,CASABLANCA,0600000000,2023-05-10,Web
CL0865,Nom865,Prenom865,client865@email.com,1975-05-15,1,Agadir,0600000000,2023-05-10,Web
CL0866,Nom866,Prenom866,client866@email.com,1974-05-15,Femme,TNG,0600000000,2023-05-10,Web
CL0867,Nom867,Prenom867,client867@email.com,1964-05-15,H,Tnja,0600000000,2023-05-10,Web
CL0868,Nom868,Prenom868,client868@email.com,1951-05-15,0,TNG,0600000000,2023-05-10,Web
CL0869,Nom869,Prenom869,client869@email.com,1850-05-15,Femme,kech,0600000000,2023-05-10,Web
CL0870,Nom870,Prenom870,client870@email.com,1985-05-15,H,marrakech,0600000000,2023-05-10,Web
CL0871,Nom871,Prenom871,client871@email.com,1990-05-15,F,TANGER,0600000000,2023-05-10,Web
CL0872,Nom872,Prenom872,client872@email.com,1959-05-15,H,Tnja,0600000000,2023-05-10,Web
CL0873,Nom873,Prenom873,client873@email.com,1970-05-15,H,TANGER,0600000000,2023-05-10,Web
CL0874,Nom874,Prenom874,client874@email.com,1958-05-15,Femme,marrakech,0600000000,2023-05-10,Web
CL0875,Nom875,Prenom875,client875@email.com,2003-05-15,1,TNG,0600000000,2023-05-10,Web
CL0876,Nom876,Prenom876,client876@email.com,1982-05-15,m,kech,0600000000,2023-05-10,Web
CL0877,Nom877,Prenom877,client877@email.com,1980-05-15,0,TANGER,0600000000,2023-05-10,Web
CL0878,Nom878,Prenom878,client878@email.com,1988-05-15,m,tanger,0600000000,2023-05-10,Web
CL0879,Nom879,Prenom879,client879@email.com,1978-05-15,Homme,CASABLANCA,0600000000,2023-05-10,Web
CL0880,Nom880,Prenom880,client880@email.com,2003-05-15,0,RBA,0600000000,2023-05-10,Web
CL0881,Nom881,Prenom881,client881@email.com,1957-05-15,f,kech,0600000000,2023-05-10,Web
CL0882,Nom882,Prenom882,client882@email.com,1990-05-15,m,CASABLANCA,0600000000,2023-05-10,Web
CL0883,Nom883,Prenom883,client883@email.com,1975-05-15,m,TANGER,0600000000,2023-05-10,Web
CL0884,Nom884,Prenom884,client884@email.com,1979-05-15,0,casa,0600000000,2023-05-10,Web
CL0885,Nom885,Prenom885,client885@email.com,2003-05-15,m,Agadir,0600000000,2023-05-10,Web
CL0886,Nom886,Prenom886,client886@email.com,1995-05-15,H,tanger,0600000000,2023-05-10,Web
CL0887,Nom887,Prenom887,client887@email.com,1957-05-15,0,tanger,0600000000,2023-05-10,Web
CL0888,Nom888,Prenom888,client888@email.com,1951-05-15,0,Agadir,0600000000,2023-05-10,Web
CL0889,Nom889,Prenom889,client889@email.com,1965-05-15,m,Tnja,0600000000,2023-05-10,Web
CL0890,Nom890,Prenom890,client890@email.com,1977-05-15,0,tanger,0600000000,2023-05-10,Web
CL0891,Nom891,Prenom891,client891@email.com,1998-05-15,Femme,kech,0600000000,2023-05-10,Web
CL0892,Nom892,Prenom892,client892@email.com,1953-05-15,F,TNG,0600000000,2023-05-10,Web
CL0893,Nom893,Prenom893,client893@email.com,1959-05-15,Homme,tanger,0600000000,2023-05-10,Web
CL0894,Nom894,Prenom894,client894@email.com,1979-05-15,1,CASABLANCA,0600000000,2023-05-10,Web
CL0895,Nom895,Prenom895,client895@email.com,1850-05-15,F,tanger,0600000000,2023-05-10,Web
CL0896,Nom896,Prenom896,client896@email.com,1971-05-15,m,kech,0600000000,2023-05-10,Web
CL0897,Nom897,Prenom897,client897@email.com,1959-05-15,1,Agadir,0600000000,2023-05-10,Web
CL0898,Nom898,Prenom898,client898@email.com,1977-05-15,1,TNG,0600000000,2023-05-10,Web
CL0899,Nom899,Prenom899,client899@email.com,1976-05-15,F,Tnja,0600000000,2023-05-10,Web
CL0900,Nom900,Prenom900,client900@email.com,1959-05-15,Homme,tanger,0600000000,2023-05-10,Web
CL0901,Nom901,Prenom901,client901@email.com,1984-05-15,Femme,casa,0600000000,2023-05-10,Web
CL0902,Nom902,Prenom902,client902@email.com,1990-05-15,f,tanger,0600000000,2023-05-10,Web
CL0903,Nom903,Prenom903,client903@email.com,1966-05-15,Femme,TNG,0600000000,2023-05-10,Web
CL0904,Nom904,Prenom904,client904@email.com,1954-05-15,f,Tnja,0600000000,2023-05-10,Web
CL0905,Nom905,Prenom905,client905@email.com,1998-05-15,f,RBA,0600000000,2023-05-10,Web
CL0906,Nom906,Prenom906,client906@email.com,1986-05-15,F,TANGER,0600000000,2023-05-10,Web
CL0907,Nom907,Prenom907,client907@email.com,1981-05-15,0,Agadir,0600000000,2023-05-10,Web
CL0908,Nom908,Prenom908,client908@email.com,1976-05-15,m,TANGER,0600000000,2023-05-10,Web
CL0909,Nom909,Prenom909,client909@email.com,1977-05-15,H,kech,0600000000,2023-05-10,Web
CL0910,Nom910,Prenom910,client910@email.com,1952-05-15,Homme,TNG,0600000000,2023-05-10,Web
CL0911,Nom911,Prenom911,client911@email.com,1950-05-15,Femme,CASABLANCA,0600000000,2023-05-10,Web
CL0912,Nom912,Prenom912,client912email.com,1973-05-15,Femme,TANGER,0600000000,2023-05-10,Web
CL0913,Nom913,Prenom913,client913@email.com,1986-05-15,Femme,Agadir,0600000000,2023-05-10,Web
CL0914,Nom914,Prenom914,client914@email.com,1978-05-15,0,marrakech,0600000000,2023-05-10,Web
CL0915,Nom915,Prenom915,client915@email.com,1995-05-15,f,marrakech,0600000000,2023-05-10,Web
CL0916,Nom916,Prenom916,client916@email.com,1980-05-15,Homme,Agadir,0600000000,2023-05-10,Web
CL0917,Nom917,Prenom917,client917@email.com,1850-05-15,1,casa,0600000000,2023-05-10,Web
CL0918,Nom918,Prenom918,client918@email.com,1984-05-15,m,TNG,0600000000,2023-05-10,Web
CL0919,Nom919,Prenom919,client919@email.com,1972-05-15,F,casa,0600000000,2023-05-10,Web
CL0920,Nom920,Prenom920,client920@email.com,1983-05-15,Homme,CASABLANCA,0600000000,2023-05-10,Web
CL0921,Nom921,Prenom921,client921email.com,1989-05-15,F,marrakech,0600000000,2023-05-10,Web
CL0922,Nom922,Prenom922,client922@email.com,1975-05-15,H,TANGER,0600000000,2023-05-10,Web
CL0923,Nom923,Prenom923,client923@email.com,1986-05-15,F,RBA,0600000000,2023-05-10,Web
CL0924,Nom924,Prenom924,client924@email.com,1976-05-15,Femme,Agadir,0600000000,2023-05-10,Web
CL0925,Nom925,Prenom925,client925@email.com,1989-05-15,Homme,Tnja,0600000000,2023-05-10,Web
CL0926,Nom926,Prenom926,client926@email.com,1981-05-15,Femme,kech,0600000000,2023-05-10,Web
CL0927,Nom927,Prenom927,client927@email.com,1957-05-15,m,kech,0600000000,2023-05-10,Web
CL0928,Nom928,Prenom928,client928@email.com,1956-05-15,Femme,marrakech,0600000000,2023-05-10,Web
CL0929,Nom929,Prenom929,client929@email.com,1951-05-15,H,casa,0600000000,2023-05-10,Web
CL0930,Nom930,Prenom930,client930@email.com,1999-05-15,Femme,Agadir,0600000000,2023-05-10,Web
CL0931,Nom931,Prenom931,client931@email.com,1960-05-15,m,TANGER,0600000000,2023-05-10,Web
CL0932,Nom932,Prenom932,client932@email.com,1981-05-15,1,casa,0600000000,2023-05-10,Web
CL0933,Nom933,Prenom933,client933@email.com,1963-05-15,0,TNG,0600000000,2023-05-10,Web
CL0934,Nom934,Prenom934,client934@email.com,1951-05-15,F,kech,0600000000,2023-05-10,Web
CL0935,Nom935,Prenom935,client935@email.com,1973-05-15,0,TANGER,0600000000,2023-05-10,Web
CL0936,Nom936,Prenom936,client936@email.com,1978-05-15,1,RBA,0600000000,2023-05-10,Web
CL0937,Nom937,Prenom937,client937@email.com,1964-05-15,Homme,marrakech,0600000000,2023-05-10,Web
CL0938,Nom938,Prenom938,client938@email.com,1997-05-15,H,CASABLANCA,0600000000,2023-05-10,Web
CL0939,Nom939,Prenom939,client939@email.com,1966-05-15,H,casa,0600000000,2023-05-10,Web
CL0940,Nom940,Prenom940,client940@email.com,1995-05-15,Homme,CASABLANCA,0600000000,2023-05-10,Web
CL0941,Nom941,Prenom941,client941@email.com,1994-05-15,H,tanger,0600000000,2023-05-10,Web
CL0942,Nom942,Prenom942,client942@email.com,1999-05-15,m,tanger,0600000000,2023-05-10,Web
CL0943,Nom943,Prenom943,client943@email.com,1979-05-15,H,tanger,0600000000,2023-05-10,Web
CL0944,Nom944,Prenom944,client944@email.com,1957-05-15,0,RBA,0600000000,2023-05-10,Web
CL0945,Nom945,Prenom945,client945@email.com,1850-05-15,0,TANGER,0600000000,2023-05-10,Web
CL0946,Nom946,Prenom946,client946@email.com,1977-05-15,f,Agadir,0600000000,2023-05-10,Web
CL0947,Nom947,Prenom947,client947@email.com,1996-05-15,Femme,tanger,0600000000,2023-05-10,Web
CL0948,Nom948,Prenom948,client948@email.com,1850-05-15,H,TNG,0600000000,2023-05-10,Web
CL0949,Nom949,Prenom949,client949@email.com,1997-05-15,Homme,TNG,0600000000,2023-05-10,Web
CL0950,Nom950,Prenom950,client950@email.com,1992-05-15,Femme,RBA,0600000000,2023-05-10,Web
CL0951,Nom951,Prenom951,client951@email.com,1981-05-15,0,Agadir,0600000000,2023-05-10,Web
CL0952,Nom952,Prenom952,client952@email.com,2000-05-15,Homme,RBA,0600000000,2023-05-10,Web
CL0953,Nom953,Prenom953,client953@email.com,1984-05-15,H,kech,0600000000,2023-05-10,Web
CL0954,Nom954,Prenom954,client954@email.com,1951-05-15,F,Agadir,0600000000,2023-05-10,Web
CL0955,Nom955,Prenom955,client955@email.com,1993-05-15,Homme,tanger,0600000000,2023-05-10,Web
CL0956,Nom956,Prenom956,client956email.com,1954-05-15,Homme,TANGER,0600000000,2023-05-10,Web
CL0957,Nom957,Prenom957,client957@email.com,1998-05-15,m,Agadir,0600000000,2023-05-10,Web
CL0958,Nom958,Prenom958,client958@email.com,1993-05-15,Homme,Agadir,0600000000,2023-05-10,Web
CL0959,Nom959,Prenom959,client959@email.com,1984-05-15,1,marrakech,0600000000,2023-05-10,Web
CL0960,Nom960,Prenom960,client960@email.com,1955-05-15,F,RBA,0600000000,2023-05-10,Web
CL0961,Nom961,Prenom961,client961@email.com,1996-05-15,1,RBA,0600000000,2023-05-10,Web
CL0962,Nom962,Prenom962,client962@email.com,1966-05-15,Homme,marrakech,0600000000,2023-05-10,Web
CL0963,Nom963,Prenom963,client963@email.com,1966-05-15,f,RBA,0600000000,2023-05-10,Web
CL0964,Nom964,Prenom964,client964@email.com,1955-05-15,Femme,Agadir,0600000000,2023-05-10,Web
CL0965,Nom965,Prenom965,client965@email.com,1977-05-15,Homme,CASABLANCA,0600000000,2023-05-10,Web
CL0966,Nom966,Prenom966,client966@email.com,1955-05-15,F,kech,0600000000,2023-05-10,Web
CL0967,Nom967,Prenom967,client967email.com,1973-05-15,F,kech,0600000000,2023-05-10,Web
CL0968,Nom968,Prenom968,client968@email.com,1987-05-15,m,TANGER,0600000000,2023-05-10,Web
CL0969,Nom969,Prenom969,client969@email.com,2003-05-15,H,Tnja,0600000000,2023-05-10,Web
CL0970,Nom970,Prenom970,client970@email.com,1971-05-15,m,casa,0600000000,2023-05-10,Web
CL0971,Nom971,Prenom971,client971@email.com,1981-05-15,Homme,Tnja,0600000000,2023-05-10,Web
CL0972,Nom972,Prenom972,client972@email.com,1952-05-15,0,marrakech,0600000000,2023-05-10,Web
CL0973,Nom973,Prenom973,client973@email.com,1962-05-15,H,TANGER,0600000000,2023-05-10,Web
CL0974,Nom974,Prenom974,client974@email.com,1964-05-15,H,kech,0600000000,2023-05-10,Web
CL0975,Nom975,Prenom975,client975@email.com,1955-05-15,0,Tnja,0600000000,2023-05-10,Web
CL0976,Nom976,Prenom976,client976email.com,1982-05-15,H,Agadir,0600000000,2023-05-10,Web
CL0977,Nom977,Prenom977,client977email.com,1977-05-15,1,marrakech,0600000000,2023-05-10,Web
CL0978,Nom978,Prenom978,client978@email.com,1954-05-15,f,casa,0600000000,2023-05-10,Web
CL0979,Nom979,Prenom979,client979@email.com,1984-05-15,Homme,RBA,0600000000,2023-05-10,Web
CL0980,Nom980,Prenom980,client980@email.com,1974-05-15,f,TANGER,0600000000,2023-05-10,Web
CL0981,Nom981,Prenom981,client981@email.com,2000-05-15,Femme,tanger,0600000000,2023-05-10,Web
CL0982,Nom982,Prenom982,client982@email.com,1953-05-15,f,CASABLANCA,0600000000,2023-05-10,Web
CL0983,Nom983,Prenom983,client983@email.com,1992-05-15,m,TNG,0600000000,2023-05-10,Web
CL0984,Nom984,Prenom984,client984@email.com,1959-05-15,1,RBA,0600000000,2023-05-10,Web
CL0985,Nom985,Prenom985,client985email.com,1960-05-15,m,marrakech,0600000000,2023-05-10,Web
CL0986,Nom986,Prenom986,client986@email.com,2025-05-15,m,kech,0600000000,2023-05-10,Web
CL0987,Nom987,Prenom987,client987@email.com,1961-05-15,Homme,TANGER,0600000000,2023-05-10,Web
CL0988,Nom988,Prenom988,client988@email.com,1991-05-15,1,RBA,0600000000,2023-05-10,Web
CL0989,Nom989,Prenom989,client989@email.com,1973-05-15,Homme,Tnja,0600000000,2023-05-10,Web
CL0990,Nom990,Prenom990,client990@email.com,1970-05-15,H,TANGER,0600000000,2023-05-10,Web
CL0991,Nom991,Prenom991,client991@email.com,1994-05-15,f,tanger,0600000000,2023-05-10,Web
CL0992,Nom992,Prenom992,client992@email.com,1959-05-15,0,TANGER,0600000000,2023-05-10,Web
CL0993,Nom993,Prenom993,client993@email.com,1989-05-15,H,kech,0600000000,2023-05-10,Web
CL0994,Nom994,Prenom994,client994@email.com,1994-05-15,F,TNG,0600000000,2023-05-10,Web
CL0995,Nom995,Prenom995,client995@email.com,1998-05-15,Homme,Tnja,0600000000,2023-05-10,Web
CL0996,Nom996,Prenom996,client996@email.com,1981-05-15,1,casa,0600000000,2023-05-10,Web
CL0997,Nom997,Prenom997,client997@email.com,1992-05-15,F,TNG,0600000000,2023-05-10,Web
CL0998,Nom998,Prenom998,client998@email.com,1969-05-15,m,TANGER,0600000000,2023-05-10,Web
CL0999,Nom999,Prenom999,client999@email.com,1979-05-15,1,CASABLANCA,0600000000,2023-05-10,Web
CL1000,Nom1000,Prenom1000,client1000@email.com,1996-05-15,f,kech,0600000000,2023-05-10,Web
CL9990,DoublonNom,DoublonPrenom,client692@email.com,1990-01-01,m,tanger,0600000000,2024-01-01,App
CL9991,DoublonNom,DoublonPrenom,client901@email.com,1990-01-01,m,tanger,0600000000,2024-01-01,App
CL9992,DoublonNom,DoublonPrenom,client887@email.com,1990-01-01,m,tanger,0600000000,2024-01-01,App
CL9993,DoublonNom,DoublonPrenom,client692@email.com,1990-01-01,m,tanger,0600000000,2024-01-01,App
CL9994,DoublonNom,DoublonPrenom,client243@email.com,1990-01-01,m,tanger,0600000000,2024-01-01,App
CL9995,DoublonNom,DoublonPrenom,client834@email.com,1990-01-01,m,tanger,0600000000,2024-01-01,App
CL9996,DoublonNom,DoublonPrenom,client618@email.com,1990-01-01,m,tanger,0600000000,2024-01-01,App
CL9997,DoublonNom,DoublonPrenom,client248@email.com,1990-01-01,m,tanger,0600000000,2024-01-01,App
CL9998,DoublonNom,DoublonPrenom,client959@email.com,1990-01-01,m,tanger,0600000000,2024-01-01,App
CL9999,DoublonNom,DoublonPrenom,client497@email.com,1990-01-01,m,tanger,0600000000,2024-01-01,App
CL99910,DoublonNom,DoublonPrenom,client979@email.com,1990-01-01,m,tanger,0600000000,2024-01-01,App
CL99911,DoublonNom,DoublonPrenom,client387@email.com,1990-01-01,m,tanger,0600000000,2024-01-01,App
CL99912,DoublonNom,DoublonPrenom,client814email.com,1990-01-01,m,tanger,0600000000,2024-01-01,App
CL99913,DoublonNom,DoublonPrenom,client313@email.com,1990-01-01,m,tanger,0600000000,2024-01-01,App
CL99914,DoublonNom,DoublonPrenom,client601@email.com,1990-01-01,m,tanger,0600000000,2024-01-01,App
CL99915,DoublonNom,DoublonPrenom,client872@email.com,1990-01-01,m,tanger,0600000000,2024-01-01,App
CL99916,DoublonNom,DoublonPrenom,client148@email.com,1990-01-01,m,tanger,0600000000,2024-01-01,App
CL99917,DoublonNom,DoublonPrenom,client756@email.com,1990-01-01,m,tanger,0600000000,2024-01-01,App
CL99918,DoublonNom,DoublonPrenom,client704@email.com,1990-01-01,m,tanger,0600000000,2024-01-01,App
CL99919,DoublonNom,DoublonPrenom,client301@email.com,1990-01-01,m,tanger,0600000000,2024-01-01,App
